2024-04-20 21:02:44,dev000,100,None,None,None
2024-04-20 21:02:44,dev001,100,None,None,None
2024-04-20 21:02:44,dev002,100,None,None,None
2024-04-20 21:02:44,dev003,100,None,None,None
2024-04-20 21:02:44,dev004,100,None,None,None
2024-04-20 21:02:44,dev005,100,None,None,None
2024-04-20 21:02:44,dev006,100,None,None,None
2024-04-20 21:02:44,dev007,100,None,None,None
2024-04-20 21:02:44,dev008,100,None,None,None
2024-04-20 21:02:44,dev009,100,None,None,None
2024-04-20 21:02:44,dev0010,100,None,None,None
2024-04-20 21:02:44,dev0011,100,None,None,None
2024-04-20 21:02:44,dev0012,100,None,None,None
2024-04-20 21:02:44,dev0013,100,None,None,None
2024-04-20 21:02:44,dev0014,100,None,None,None
2024-04-20 21:02:44,dev0015,100,None,None,None
2024-04-20 21:02:44,dev0016,100,None,None,None
2024-04-20 21:02:44,dev0017,100,None,None,None
2024-04-20 21:02:44,dev0018,100,None,None,None
2024-04-20 21:02:44,dev0019,100,None,None,None
2024-04-20 21:11:44,dev0013,100.0,39.3,84.5,69.0
2024-04-20 21:11:44,dev0010,99.45,39.1,83.2,71.0
2024-04-20 21:11:44,dev004,100.0,39.1,87.0,70.0
2024-04-20 21:11:44,dev0012,100.0,39.1,84.5,70.0
2024-04-20 21:11:44,dev0015,100.0,38.7,85.9,71.0
2024-04-20 21:11:44,dev006,100.0,39.6,91.8,71.0
2024-04-20 21:11:44,dev000,99.4,39.5,87.6,71.0
2024-04-20 21:11:44,dev003,100.0,38.7,84.3,70.0
2024-04-20 21:11:44,dev002,100.0,38.7,87.0,69.0
2024-04-20 21:11:44,dev0016,100.0,38.8,85.1,71.0
2024-04-20 21:11:44,dev001,100.0,38.8,85.1,71.0
2024-04-20 21:11:44,dev0014,100.0,38.8,83.6,70.0
2024-04-20 21:11:44,dev0011,99.57142857142857,38.6,84.1,73.0
2024-04-20 21:11:44,dev0019,100.0,38.8,85.1,71.0
2024-04-20 21:11:44,dev009,100.0,38.7,85.5,70.0
2024-04-20 21:11:44,dev0018,100.0,38.7,83.5,71.0
2024-04-20 21:11:44,dev007,100.0,39.3,90.3,72.0
2024-04-20 21:11:44,dev008,100.0,40.9,98.0,69.0
2024-04-20 21:11:44,dev005,100.0,41.4,95.1,70.0
2024-04-20 21:11:44,dev0017,100.0,41.5,96.8,70.0
2024-04-20 21:12:49,dev0013,100.0,43.5,91.3,71.0
2024-04-20 21:12:49,dev0010,98.9,43.5,93.2,71.0
2024-04-20 21:12:49,dev0011,99.14285714285714,43.6,91.7,70.0
2024-04-20 21:12:49,dev002,100.0,43.5,92.0,72.0
2024-04-20 21:12:49,dev004,100.0,43.7,92.0,71.0
2024-04-20 21:12:49,dev0016,100.0,43.7,94.1,71.0
2024-04-20 21:12:49,dev006,100.0,43.9,91.9,70.0
2024-04-20 21:12:49,dev0015,100.0,44.0,92.8,70.0
2024-04-20 21:12:49,dev003,100.0,44.1,91.8,71.0
2024-04-20 21:12:49,dev0012,100.0,44.0,90.5,68.0
2024-04-20 21:12:49,dev001,100.0,44.3,91.6,70.0
2024-04-20 21:12:49,dev0014,100.0,44.2,93.1,72.0
2024-04-20 21:12:49,dev005,100.0,44.1,91.5,71.0
2024-04-20 21:12:49,dev008,100.0,44.2,93.0,70.0
2024-04-20 21:12:49,dev0019,100.0,44.3,92.4,70.0
2024-04-20 21:12:49,dev0018,100.0,44.3,92.7,71.0
2024-04-20 21:12:49,dev009,100.0,44.5,89.3,71.0
2024-04-20 21:12:49,dev007,100.0,44.4,91.6,71.0
2024-04-20 21:12:49,dev000,98.80000000000001,44.8,92.3,71.0
2024-04-20 21:12:49,dev0017,100.0,45.5,91.8,71.0
2024-04-20 21:13:54,dev0013,100.0,47.8,95.3,71.0
2024-04-20 21:13:54,dev004,100.0,47.8,92.9,71.0
2024-04-20 21:13:54,dev0011,98.71428571428571,47.8,92.7,71.0
2024-04-20 21:13:54,dev0015,100.0,47.9,92.0,71.0
2024-04-20 21:13:54,dev006,100.0,48.5,92.1,71.0
2024-04-20 21:13:54,dev002,100.0,48.6,91.3,70.0
2024-04-20 21:13:54,dev003,100.0,48.3,92.5,71.0
2024-04-20 21:13:54,dev0016,100.0,48.4,93.8,70.0
2024-04-20 21:13:54,dev0010,98.35000000000001,48.5,92.9,71.0
2024-04-20 21:13:54,dev009,100.0,48.5,92.2,71.0
2024-04-20 21:13:54,dev0014,100.0,48.5,91.7,71.0
2024-04-20 21:13:54,dev000,98.20000000000002,48.4,91.1,71.0
2024-04-20 21:13:54,dev0012,100.0,48.5,93.0,71.0
2024-04-20 21:13:54,dev008,100.0,48.5,92.7,72.0
2024-04-20 21:13:54,dev005,100.0,48.6,92.4,72.0
2024-04-20 21:13:54,dev007,100.0,48.7,91.2,71.0
2024-04-20 21:13:54,dev0017,100.0,48.7,92.9,71.0
2024-04-20 21:13:54,dev001,100.0,48.6,92.4,71.0
2024-04-20 21:13:54,dev0019,100.0,48.8,92.0,72.0
2024-04-20 21:13:54,dev0018,100.0,48.8,91.3,71.0
2024-04-20 21:14:59,dev0013,100.0,50.9,92.4,72.0
2024-04-20 21:14:59,dev0015,100.0,50.9,92.9,70.0
2024-04-20 21:14:59,dev006,100.0,51.2,90.6,70.0
2024-04-20 21:14:59,dev003,100.0,51.3,92.4,71.0
2024-04-20 21:14:59,dev004,100.0,51.3,91.0,71.0
2024-04-20 21:14:59,dev0010,97.80000000000001,51.4,90.9,70.0
2024-04-20 21:14:59,dev0016,100.0,51.5,90.6,72.0
2024-04-20 21:14:59,dev002,100.0,51.6,93.0,70.0
2024-04-20 21:14:59,dev0011,98.28571428571428,51.8,90.4,70.0
2024-04-20 21:14:59,dev009,100.0,51.8,91.4,72.0
2024-04-20 21:14:59,dev000,97.60000000000002,51.5,91.1,71.0
2024-04-20 21:14:59,dev0014,100.0,51.7,92.6,71.0
2024-04-20 21:14:59,dev0012,100.0,51.7,91.0,71.0
2024-04-20 21:14:59,dev008,100.0,51.7,92.6,71.0
2024-04-20 21:14:59,dev005,100.0,51.8,90.9,70.0
2024-04-20 21:14:59,dev0017,100.0,51.7,90.9,72.0
2024-04-20 21:14:59,dev001,100.0,51.8,92.2,70.0
2024-04-20 21:14:59,dev007,100.0,51.9,91.5,71.0
2024-04-20 21:14:59,dev0019,100.0,52.2,91.8,71.0
2024-04-20 21:14:59,dev0018,100.0,51.9,91.7,70.0
2024-04-20 21:16:04,dev0013,100.0,49.2,92.3,70.0
2024-04-20 21:16:04,dev006,100.0,49.2,90.7,70.0
2024-04-20 21:16:04,dev0016,100.0,49.1,91.3,71.0
2024-04-20 21:16:04,dev0015,100.0,49.3,91.2,71.0
2024-04-20 21:16:04,dev004,100.0,49.4,91.8,70.0
2024-04-20 21:16:04,dev003,100.0,49.4,90.6,71.0
2024-04-20 21:16:04,dev0010,97.25000000000001,49.4,91.8,70.0
2024-04-20 21:16:04,dev005,100.0,49.5,90.9,71.0
2024-04-20 21:16:04,dev009,100.0,49.6,90.8,70.0
2024-04-20 21:16:04,dev000,97.00000000000003,49.5,90.8,70.0
2024-04-20 21:16:04,dev0012,100.0,49.6,92.3,70.0
2024-04-20 21:16:04,dev002,100.0,49.6,91.7,70.0
2024-04-20 21:16:04,dev0014,100.0,49.6,91.5,70.0
2024-04-20 21:16:04,dev008,100.0,49.8,90.4,70.0
2024-04-20 21:16:04,dev0011,97.85714285714285,49.9,91.8,71.0
2024-04-20 21:16:04,dev0018,100.0,49.8,90.9,70.0
2024-04-20 21:16:04,dev001,100.0,49.8,92.1,70.0
2024-04-20 21:16:04,dev007,100.0,50.0,91.1,69.0
2024-04-20 21:16:04,dev0019,100.0,50.1,91.2,70.0
2024-04-20 21:16:04,dev0017,100.0,50.1,92.1,70.0
2024-04-20 21:17:09,dev0013,100.0,51.5,91.7,69.0
2024-04-20 21:17:09,dev004,100.0,51.9,95.7,69.0
2024-04-20 21:17:09,dev0010,96.70000000000002,52.3,95.6,69.0
2024-04-20 21:17:09,dev0015,100.0,52.5,96.6,69.0
2024-04-20 21:17:09,dev003,100.0,52.5,95.0,69.0
2024-04-20 21:17:09,dev0016,100.0,52.5,91.6,69.0
2024-04-20 21:17:09,dev006,100.0,52.6,92.0,69.0
2024-04-20 21:17:09,dev002,100.0,52.4,92.8,69.0
2024-04-20 21:17:09,dev008,100.0,51.8,92.1,69.0
2024-04-20 21:17:09,dev0012,100.0,51.8,91.1,69.0
2024-04-20 21:17:09,dev000,96.40000000000003,51.7,90.9,69.0
2024-04-20 21:17:09,dev009,100.0,51.8,92.3,69.0
2024-04-20 21:17:09,dev005,100.0,51.8,90.5,68.0
2024-04-20 21:17:09,dev0014,100.0,51.8,91.1,69.0
2024-04-20 21:17:09,dev007,100.0,52.0,91.6,69.0
2024-04-20 21:17:09,dev0011,97.42857142857142,51.9,92.4,69.0
2024-04-20 21:17:09,dev001,100.0,52.0,90.6,69.0
2024-04-20 21:17:09,dev0018,100.0,52.0,91.3,68.0
2024-04-20 21:17:09,dev0017,100.0,52.1,91.6,69.0
2024-04-20 21:17:09,dev0019,100.0,52.0,91.8,69.0
2024-04-20 21:18:14,dev0013,100.0,53.1,92.6,69.0
2024-04-20 21:18:14,dev0015,100.0,53.2,91.5,69.0
2024-04-20 21:18:14,dev004,100.0,53.2,91.7,69.0
2024-04-20 21:18:14,dev0016,100.0,53.2,91.6,69.0
2024-04-20 21:18:14,dev003,100.0,53.3,91.6,69.0
2024-04-20 21:18:14,dev006,100.0,53.5,91.3,68.0
2024-04-20 21:18:14,dev0010,96.15000000000002,53.5,92.4,69.0
2024-04-20 21:18:14,dev002,100.0,53.4,91.2,69.0
2024-04-20 21:18:14,dev005,100.0,53.7,94.5,69.0
2024-04-20 21:18:14,dev0012,100.0,54.1,95.2,69.0
2024-04-20 21:18:14,dev009,100.0,54.4,95.8,69.0
2024-04-20 21:18:14,dev000,95.80000000000004,54.5,92.6,68.0
2024-04-20 21:18:14,dev008,100.0,54.6,92.9,69.0
2024-04-20 21:18:14,dev007,100.0,54.8,91.8,69.0
2024-04-20 21:18:14,dev0011,96.99999999999999,54.7,92.5,69.0
2024-04-20 21:18:14,dev0014,100.0,54.0,93.1,69.0
2024-04-20 21:18:14,dev0018,100.0,53.9,93.7,70.0
2024-04-20 21:18:14,dev0017,100.0,54.0,92.1,69.0
2024-04-20 21:18:14,dev001,100.0,53.8,92.4,68.0
2024-04-20 21:18:14,dev0019,100.0,53.8,91.5,69.0
2024-04-20 21:19:44,dev0015,100.0,55.8,91.9,69.0
2024-04-20 21:19:44,dev005,100.0,55.8,91.6,69.0
2024-04-20 21:19:44,dev0014,99.57142857142857,55.9,92.2,68.0
2024-04-20 21:19:44,dev0011,96.99999999999999,55.9,91.2,68.0
2024-04-20 21:19:44,dev000,95.80000000000004,55.9,91.5,69.0
2024-04-20 21:19:44,dev004,100.0,55.9,91.0,68.0
2024-04-20 21:19:44,dev0010,96.15000000000002,55.9,92.7,69.0
2024-04-20 21:19:44,dev008,100.0,56.0,92.5,68.0
2024-04-20 21:19:44,dev009,100.0,56.0,93.0,70.0
2024-04-20 21:19:44,dev0013,99.61666666666666,56.0,91.2,69.0
2024-04-20 21:19:44,dev006,100.0,56.0,92.6,69.0
2024-04-20 21:19:44,dev001,99.4,56.0,92.9,69.0
2024-04-20 21:19:44,dev0019,100.0,56.0,93.1,69.0
2024-04-20 21:19:44,dev0017,100.0,56.1,91.5,69.0
2024-04-20 21:19:44,dev0018,100.0,56.1,92.1,69.0
2024-04-20 21:19:44,dev007,100.0,56.2,91.4,68.0
2024-04-20 21:19:44,dev002,100.0,56.2,92.1,68.0
2024-04-20 21:19:44,dev003,100.0,56.2,90.9,68.0
2024-04-20 21:19:44,dev0016,100.0,56.7,91.8,68.0
2024-04-20 21:19:44,dev0012,99.5,56.4,91.0,68.0
2024-04-20 21:20:49,dev0014,99.14285714285714,57.7,91.0,68.0
2024-04-20 21:20:49,dev005,100.0,57.7,91.2,68.0
2024-04-20 21:20:49,dev0015,100.0,57.7,90.9,69.0
2024-04-20 21:20:49,dev000,95.80000000000004,57.6,91.7,68.0
2024-04-20 21:20:49,dev004,100.0,57.1,91.2,69.0
2024-04-20 21:20:49,dev0010,96.15000000000002,57.2,90.7,69.0
2024-04-20 21:20:49,dev0011,96.99999999999999,57.1,90.5,69.0
2024-04-20 21:20:49,dev0013,99.23333333333332,57.3,91.8,68.0
2024-04-20 21:20:49,dev009,100.0,57.4,90.8,69.0
2024-04-20 21:20:49,dev001,98.80000000000001,57.3,90.1,69.0
2024-04-20 21:20:49,dev008,100.0,57.3,91.9,69.0
2024-04-20 21:20:49,dev006,100.0,57.2,91.4,70.0
2024-04-20 21:20:49,dev0019,100.0,57.3,90.3,68.0
2024-04-20 21:20:49,dev007,100.0,57.3,90.8,69.0
2024-04-20 21:20:49,dev0016,100.0,57.3,90.3,70.0
2024-04-20 21:20:49,dev003,100.0,57.3,92.4,68.0
2024-04-20 21:20:49,dev0018,100.0,57.3,90.5,69.0
2024-04-20 21:20:49,dev0017,100.0,57.3,91.6,68.0
2024-04-20 21:20:49,dev002,100.0,57.6,90.8,68.0
2024-04-20 21:20:49,dev0012,99.0,57.4,90.6,69.0
2024-04-20 21:21:54,dev0015,100.0,57.8,92.8,70.0
2024-04-20 21:21:54,dev009,100.0,57.9,90.7,69.0
2024-04-20 21:21:54,dev0010,96.15000000000002,57.9,91.3,68.0
2024-04-20 21:21:54,dev005,100.0,57.9,90.7,69.0
2024-04-20 21:21:54,dev0014,98.71428571428571,57.9,90.7,69.0
2024-04-20 21:21:54,dev0011,96.99999999999999,58.0,91.1,69.0
2024-04-20 21:21:54,dev000,95.80000000000004,58.0,92.4,69.0
2024-04-20 21:21:54,dev004,100.0,58.0,91.0,69.0
2024-04-20 21:21:54,dev0013,98.84999999999998,58.1,91.9,70.0
2024-04-20 21:21:54,dev006,100.0,58.0,92.0,68.0
2024-04-20 21:21:54,dev008,100.0,58.0,90.9,69.0
2024-04-20 21:21:54,dev0019,100.0,58.1,91.1,69.0
2024-04-20 21:21:54,dev001,98.20000000000002,58.1,91.9,68.0
2024-04-20 21:21:54,dev0016,100.0,58.0,91.8,69.0
2024-04-20 21:21:54,dev007,100.0,58.0,91.7,69.0
2024-04-20 21:21:54,dev002,100.0,58.1,90.9,69.0
2024-04-20 21:21:54,dev003,100.0,58.1,90.2,68.0
2024-04-20 21:21:54,dev0017,100.0,58.1,92.3,69.0
2024-04-20 21:21:54,dev0018,100.0,58.4,91.2,68.0
2024-04-20 21:21:54,dev0012,98.5,58.2,91.3,66.0
2024-04-20 21:22:59,dev0011,96.99999999999999,58.4,91.4,69.0
2024-04-20 21:22:59,dev0015,100.0,58.4,93.3,69.0
2024-04-20 21:22:59,dev0013,98.46666666666664,58.5,91.1,69.0
2024-04-20 21:22:59,dev0010,96.15000000000002,58.4,91.4,69.0
2024-04-20 21:22:59,dev0014,98.28571428571428,58.4,91.2,68.0
2024-04-20 21:22:59,dev000,95.80000000000004,58.4,92.0,68.0
2024-04-20 21:22:59,dev005,100.0,58.4,92.3,69.0
2024-04-20 21:22:59,dev009,100.0,58.6,91.4,69.0
2024-04-20 21:22:59,dev004,100.0,58.6,90.7,69.0
2024-04-20 21:22:59,dev006,100.0,58.5,90.2,68.0
2024-04-20 21:22:59,dev0019,100.0,58.3,92.0,70.0
2024-04-20 21:22:59,dev008,100.0,58.4,93.3,69.0
2024-04-20 21:22:59,dev001,97.60000000000002,58.4,91.9,69.0
2024-04-20 21:22:59,dev007,100.0,58.4,91.2,69.0
2024-04-20 21:22:59,dev0016,100.0,58.5,91.8,69.0
2024-04-20 21:22:59,dev002,100.0,58.6,93.0,69.0
2024-04-20 21:22:59,dev003,100.0,58.5,92.4,69.0
2024-04-20 21:22:59,dev0018,100.0,58.6,90.5,69.0
2024-04-20 21:22:59,dev0017,100.0,58.8,90.6,68.0
2024-04-20 21:22:59,dev0012,98.0,58.7,90.5,68.0
2024-04-20 21:24:04,dev0011,96.99999999999999,58.8,92.3,69.0
2024-04-20 21:24:04,dev0014,97.85714285714285,58.8,93.1,69.0
2024-04-20 21:24:04,dev0015,100.0,58.9,91.1,69.0
2024-04-20 21:24:04,dev000,95.80000000000004,58.9,90.9,69.0
2024-04-20 21:24:04,dev0013,98.0833333333333,58.6,92.4,69.0
2024-04-20 21:24:04,dev0010,96.15000000000002,58.7,91.1,69.0
2024-04-20 21:24:04,dev0019,100.0,58.8,91.7,69.0
2024-04-20 21:24:04,dev009,100.0,58.8,90.5,69.0
2024-04-20 21:24:04,dev004,100.0,58.8,91.9,70.0
2024-04-20 21:24:04,dev008,100.0,58.7,90.8,70.0
2024-04-20 21:24:04,dev005,100.0,58.8,91.1,69.0
2024-04-20 21:24:04,dev006,100.0,58.8,91.0,69.0
2024-04-20 21:24:04,dev001,97.00000000000003,58.8,92.2,70.0
2024-04-20 21:24:04,dev003,100.0,58.6,90.8,69.0
2024-04-20 21:24:04,dev0018,100.0,58.6,92.2,69.0
2024-04-20 21:24:04,dev002,100.0,58.6,92.4,69.0
2024-04-20 21:24:04,dev007,100.0,58.7,93.0,69.0
2024-04-20 21:24:04,dev0016,100.0,58.8,90.6,68.0
2024-04-20 21:24:04,dev0017,100.0,58.9,91.6,69.0
2024-04-20 21:24:04,dev0012,97.5,58.7,91.5,69.0
2024-04-20 21:25:09,dev0010,96.15000000000002,58.8,93.1,69.0
2024-04-20 21:25:09,dev0015,100.0,58.7,93.8,69.0
2024-04-20 21:25:09,dev0013,97.69999999999996,58.8,91.5,69.0
2024-04-20 21:25:09,dev0011,96.99999999999999,58.8,92.2,68.0
2024-04-20 21:25:09,dev000,95.80000000000004,58.8,92.4,69.0
2024-04-20 21:25:09,dev0014,97.42857142857142,58.8,91.3,69.0
2024-04-20 21:25:09,dev008,100.0,58.8,91.3,69.0
2024-04-20 21:25:09,dev001,96.40000000000003,58.8,93.1,69.0
2024-04-20 21:25:09,dev0019,100.0,58.8,91.6,69.0
2024-04-20 21:25:09,dev009,100.0,58.8,91.1,69.0
2024-04-20 21:25:09,dev006,100.0,58.8,91.2,70.0
2024-04-20 21:25:09,dev004,100.0,58.8,92.5,69.0
2024-04-20 21:25:09,dev0018,100.0,58.9,90.8,69.0
2024-04-20 21:25:09,dev003,100.0,58.9,91.7,69.0
2024-04-20 21:25:09,dev0017,100.0,58.9,91.7,69.0
2024-04-20 21:25:09,dev007,100.0,58.9,91.9,69.0
2024-04-20 21:25:09,dev005,100.0,58.8,92.1,69.0
2024-04-20 21:25:09,dev002,100.0,58.6,90.9,68.0
2024-04-20 21:25:09,dev0016,100.0,59.0,91.3,69.0
2024-04-20 21:25:09,dev0012,97.0,58.9,90.6,69.0
2024-04-20 21:26:14,dev0010,96.15000000000002,58.6,92.8,69.0
2024-04-20 21:26:14,dev0015,100.0,58.7,91.4,70.0
2024-04-20 21:26:14,dev0014,96.99999999999999,58.7,91.1,69.0
2024-04-20 21:26:14,dev000,95.80000000000004,58.7,90.8,70.0
2024-04-20 21:26:14,dev0013,97.31666666666662,58.7,92.3,69.0
2024-04-20 21:26:14,dev0011,96.99999999999999,58.8,90.2,69.0
2024-04-20 21:26:14,dev0019,100.0,58.7,92.9,69.0
2024-04-20 21:26:14,dev009,100.0,58.7,92.0,69.0
2024-04-20 21:26:14,dev006,100.0,59.6,91.7,69.0
2024-04-20 21:26:14,dev001,95.80000000000004,59.6,91.2,68.0
2024-04-20 21:26:14,dev004,100.0,59.5,92.1,69.0
2024-04-20 21:26:14,dev008,100.0,59.5,90.9,69.0
2024-04-20 21:26:14,dev0018,100.0,59.4,93.4,69.0
2024-04-20 21:26:14,dev007,100.0,59.5,95.2,69.0
2024-04-20 21:26:14,dev0017,100.0,59.4,95.5,69.0
2024-04-20 21:26:14,dev003,100.0,59.5,92.9,69.0
2024-04-20 21:26:14,dev002,100.0,59.5,93.2,69.0
2024-04-20 21:26:14,dev0016,100.0,59.6,93.2,69.0
2024-04-20 21:26:14,dev005,100.0,59.5,91.3,69.0
2024-04-20 21:26:14,dev0012,96.5,59.5,91.6,69.0
2024-04-20 21:27:44,dev007,100.0,59.6,92.4,70.0
2024-04-20 21:27:44,dev0016,100.0,59.5,91.0,70.0
2024-04-20 21:27:44,dev0019,100.0,59.6,91.5,69.0
2024-04-20 21:27:44,dev004,100.0,59.5,90.6,69.0
2024-04-20 21:27:44,dev0017,100.0,59.6,92.5,70.0
2024-04-20 21:27:44,dev005,100.0,59.6,92.1,69.0
2024-04-20 21:27:44,dev0014,96.99999999999999,59.6,91.2,69.0
2024-04-20 21:27:44,dev000,95.80000000000004,59.7,91.3,69.0
2024-04-20 21:27:44,dev0013,97.31666666666662,59.5,92.0,69.0
2024-04-20 21:27:44,dev0018,99.45,59.5,91.1,68.0
2024-04-20 21:27:44,dev003,100.0,59.6,92.2,69.0
2024-04-20 21:27:44,dev008,100.0,59.6,91.5,69.0
2024-04-20 21:27:44,dev0010,96.15000000000002,59.6,91.2,69.0
2024-04-20 21:27:44,dev006,100.0,59.6,91.0,69.0
2024-04-20 21:27:44,dev0012,96.5,59.7,91.7,69.0
2024-04-20 21:27:44,dev001,95.80000000000004,59.7,91.5,69.0
2024-04-20 21:27:44,dev009,100.0,59.6,91.5,69.0
2024-04-20 21:27:44,dev0011,96.99999999999999,59.7,91.1,69.0
2024-04-20 21:27:44,dev002,100.0,59.7,91.5,70.0
2024-04-20 21:27:44,dev0015,99.4,59.8,91.6,70.0
2024-04-20 21:28:49,dev007,100.0,60.1,92.6,69.0
2024-04-20 21:28:49,dev0013,97.31666666666662,60.1,91.1,69.0
2024-04-20 21:28:49,dev0016,100.0,60.1,90.4,70.0
2024-04-20 21:28:49,dev0017,100.0,60.1,92.2,69.0
2024-04-20 21:28:49,dev004,100.0,60.2,90.6,69.0
2024-04-20 21:28:49,dev0019,100.0,60.2,90.8,68.0
2024-04-20 21:28:49,dev0014,96.99999999999999,60.1,90.3,70.0
2024-04-20 21:28:49,dev005,100.0,60.2,92.0,69.0
2024-04-20 21:28:49,dev000,95.80000000000004,60.2,91.1,69.0
2024-04-20 21:28:49,dev003,100.0,60.2,92.0,70.0
2024-04-20 21:28:49,dev0018,98.9,60.2,90.7,69.0
2024-04-20 21:28:49,dev008,100.0,60.2,90.7,69.0
2024-04-20 21:28:49,dev006,100.0,60.2,90.1,69.0
2024-04-20 21:28:49,dev009,100.0,60.2,91.9,71.0
2024-04-20 21:28:49,dev0010,96.15000000000002,60.2,91.1,69.0
2024-04-20 21:28:49,dev0011,96.99999999999999,60.3,91.0,69.0
2024-04-20 21:28:49,dev001,95.80000000000004,60.3,91.7,69.0
2024-04-20 21:28:49,dev0012,96.5,60.3,91.8,69.0
2024-04-20 21:28:49,dev002,100.0,60.3,92.1,68.0
2024-04-20 21:28:49,dev0015,98.80000000000001,60.3,90.6,70.0
2024-04-20 21:29:54,dev004,100.0,60.6,92.1,69.0
2024-04-20 21:29:54,dev0017,100.0,60.6,90.6,69.0
2024-04-20 21:29:54,dev0019,100.0,60.7,90.7,69.0
2024-04-20 21:29:54,dev0013,97.31666666666662,60.6,90.8,69.0
2024-04-20 21:29:54,dev0014,96.99999999999999,60.6,92.3,70.0
2024-04-20 21:29:54,dev0016,100.0,60.6,94.1,69.0
2024-04-20 21:29:54,dev007,100.0,60.6,92.3,70.0
2024-04-20 21:29:54,dev003,100.0,60.6,91.4,69.0
2024-04-20 21:29:54,dev0018,98.35000000000001,60.6,91.7,70.0
2024-04-20 21:29:54,dev005,100.0,60.6,90.8,70.0
2024-04-20 21:29:54,dev000,95.80000000000004,60.7,91.0,70.0
2024-04-20 21:29:54,dev008,100.0,60.7,90.4,69.0
2024-04-20 21:29:54,dev001,95.80000000000004,60.7,91.0,70.0
2024-04-20 21:29:54,dev009,100.0,60.6,90.0,69.0
2024-04-20 21:29:54,dev0010,96.15000000000002,60.6,91.6,69.0
2024-04-20 21:29:54,dev0011,96.99999999999999,60.8,90.4,69.0
2024-04-20 21:29:54,dev006,100.0,60.9,90.5,69.0
2024-04-20 21:29:54,dev0012,96.5,60.9,91.8,71.0
2024-04-20 21:29:54,dev002,100.0,60.8,90.8,70.0
2024-04-20 21:29:54,dev0015,98.20000000000002,60.8,92.2,69.0
2024-04-20 21:30:59,dev0017,100.0,61.2,91.1,69.0
2024-04-20 21:30:59,dev0019,100.0,61.1,92.0,70.0
2024-04-20 21:30:59,dev0014,96.99999999999999,61.2,91.9,70.0
2024-04-20 21:30:59,dev0013,97.31666666666662,61.1,91.8,69.0
2024-04-20 21:30:59,dev0016,100.0,61.2,90.7,70.0
2024-04-20 21:30:59,dev004,100.0,61.1,92.1,70.0
2024-04-20 21:30:59,dev003,100.0,61.1,90.9,69.0
2024-04-20 21:30:59,dev000,95.80000000000004,61.2,90.6,69.0
2024-04-20 21:30:59,dev007,100.0,61.1,91.1,70.0
2024-04-20 21:30:59,dev0018,97.80000000000001,61.1,92.0,69.0
2024-04-20 21:30:59,dev005,100.0,61.2,90.6,70.0
2024-04-20 21:30:59,dev009,100.0,61.2,90.7,71.0
2024-04-20 21:30:59,dev008,100.0,61.2,90.4,69.0
2024-04-20 21:30:59,dev0011,96.99999999999999,61.2,92.4,70.0
2024-04-20 21:30:59,dev0012,96.5,61.2,91.9,69.0
2024-04-20 21:30:59,dev006,100.0,61.3,91.3,69.0
2024-04-20 21:30:59,dev001,95.80000000000004,61.3,90.5,70.0
2024-04-20 21:30:59,dev0010,96.15000000000002,61.3,91.4,69.0
2024-04-20 21:30:59,dev002,100.0,61.4,91.8,69.0
2024-04-20 21:30:59,dev0015,97.60000000000002,61.4,91.3,69.0
2024-04-20 21:32:04,dev0014,96.99999999999999,61.8,92.2,71.0
2024-04-20 21:32:04,dev0017,100.0,61.7,91.5,71.0
2024-04-20 21:32:04,dev0013,97.31666666666662,61.7,91.7,69.0
2024-04-20 21:32:04,dev0019,100.0,61.7,91.5,69.0
2024-04-20 21:32:04,dev004,100.0,61.6,93.1,69.0
2024-04-20 21:32:04,dev0016,100.0,61.7,91.1,71.0
2024-04-20 21:32:04,dev000,95.80000000000004,61.7,91.5,70.0
2024-04-20 21:32:04,dev0018,97.25000000000001,61.8,91.3,69.0
2024-04-20 21:32:04,dev005,100.0,61.8,93.0,71.0
2024-04-20 21:32:04,dev007,100.0,61.7,91.2,70.0
2024-04-20 21:32:04,dev008,100.0,61.8,92.4,70.0
2024-04-20 21:32:04,dev009,100.0,61.8,91.2,69.0
2024-04-20 21:32:04,dev0011,96.99999999999999,61.8,91.1,69.0
2024-04-20 21:32:04,dev003,100.0,61.7,91.1,69.0
2024-04-20 21:32:04,dev0012,96.5,61.7,92.5,69.0
2024-04-20 21:32:04,dev0015,97.00000000000003,61.8,92.0,69.0
2024-04-20 21:32:04,dev0010,96.15000000000002,61.9,92.0,71.0
2024-04-20 21:32:04,dev001,95.80000000000004,61.8,92.2,70.0
2024-04-20 21:32:04,dev006,100.0,61.9,90.6,70.0
2024-04-20 21:32:04,dev002,100.0,61.9,92.0,69.0
2024-04-20 21:33:09,dev0014,96.99999999999999,62.4,90.9,69.0
2024-04-20 21:33:09,dev0016,100.0,62.4,90.8,69.0
2024-04-20 21:33:09,dev0019,100.0,62.5,90.8,70.0
2024-04-20 21:33:09,dev0017,100.0,62.5,92.2,69.0
2024-04-20 21:33:09,dev004,100.0,62.5,91.3,70.0
2024-04-20 21:33:09,dev0013,97.31666666666662,62.5,92.3,69.0
2024-04-20 21:33:09,dev000,95.80000000000004,62.6,91.1,69.0
2024-04-20 21:33:09,dev0018,96.70000000000002,62.6,92.0,70.0
2024-04-20 21:33:09,dev005,100.0,62.4,91.3,70.0
2024-04-20 21:33:09,dev007,100.0,62.4,91.6,70.0
2024-04-20 21:33:09,dev008,100.0,62.5,91.1,69.0
2024-04-20 21:33:09,dev009,100.0,62.4,95.3,69.0
2024-04-20 21:33:09,dev0011,96.99999999999999,62.4,96.1,69.0
2024-04-20 21:33:09,dev006,100.0,62.5,95.4,69.0
2024-04-20 21:33:09,dev0010,96.15000000000002,62.5,91.1,71.0
2024-04-20 21:33:09,dev002,100.0,62.4,90.8,70.0
2024-04-20 21:33:09,dev0015,96.40000000000003,62.5,92.0,69.0
2024-04-20 21:33:09,dev001,95.80000000000004,62.5,90.7,69.0
2024-04-20 21:33:09,dev003,100.0,62.5,91.0,69.0
2024-04-20 21:33:09,dev0012,96.5,62.6,90.8,69.0
2024-04-20 21:34:14,dev0016,100.0,63.0,90.8,69.0
2024-04-20 21:34:14,dev0013,97.31666666666662,63.1,90.3,69.0
2024-04-20 21:34:14,dev0014,96.99999999999999,63.1,91.7,70.0
2024-04-20 21:34:14,dev0017,100.0,63.0,91.2,70.0
2024-04-20 21:34:14,dev004,100.0,63.0,91.6,69.0
2024-04-20 21:34:14,dev0019,100.0,63.1,90.5,69.0
2024-04-20 21:34:14,dev007,100.0,63.1,90.5,70.0
2024-04-20 21:34:14,dev0018,96.15000000000002,63.0,90.9,70.0
2024-04-20 21:34:14,dev000,95.80000000000004,63.1,92.4,69.0
2024-04-20 21:34:14,dev009,100.0,63.0,92.7,70.0
2024-04-20 21:34:14,dev008,100.0,63.1,91.9,71.0
2024-04-20 21:34:14,dev0011,96.99999999999999,63.2,90.8,71.0
2024-04-20 21:34:14,dev005,100.0,63.1,93.0,70.0
2024-04-20 21:34:14,dev0010,96.15000000000002,63.1,91.6,70.0
2024-04-20 21:34:14,dev002,100.0,63.1,91.4,69.0
2024-04-20 21:34:14,dev006,100.0,63.1,91.2,69.0
2024-04-20 21:34:14,dev0015,95.80000000000004,63.1,91.1,70.0
2024-04-20 21:34:14,dev003,100.0,63.1,91.7,69.0
2024-04-20 21:34:14,dev001,95.80000000000004,63.1,90.9,70.0
2024-04-20 21:34:14,dev0012,96.5,63.1,90.4,70.0
2024-04-20 21:35:44,dev0016,99.52142857142857,63.7,91.8,69.0
2024-04-20 21:35:44,dev0017,100.0,63.7,90.7,70.0
2024-04-20 21:35:44,dev0015,95.80000000000004,63.7,91.7,69.0
2024-04-20 21:35:44,dev000,95.80000000000004,63.7,91.2,70.0
2024-04-20 21:35:44,dev0010,96.15000000000002,63.7,90.9,71.0
2024-04-20 21:35:44,dev0011,96.99999999999999,63.8,90.9,69.0
2024-04-20 21:35:44,dev0019,99.4,63.7,91.7,69.0
2024-04-20 21:35:44,dev0013,97.31666666666662,63.7,91.0,69.0
2024-04-20 21:35:44,dev009,100.0,63.7,91.9,69.0
2024-04-20 21:35:44,dev001,95.80000000000004,63.7,91.1,69.0
2024-04-20 21:35:44,dev003,99.7125,63.7,91.9,71.0
2024-04-20 21:35:44,dev008,100.0,63.7,92.3,69.0
2024-04-20 21:35:44,dev0018,96.15000000000002,63.8,92.6,69.0
2024-04-20 21:35:44,dev004,100.0,63.8,92.1,69.0
2024-04-20 21:35:44,dev0012,96.5,63.8,91.1,69.0
2024-04-20 21:35:44,dev005,100.0,63.8,91.9,70.0
2024-04-20 21:35:44,dev0014,96.99999999999999,63.7,91.4,70.0
2024-04-20 21:35:44,dev007,100.0,63.9,90.2,69.0
2024-04-20 21:35:44,dev006,100.0,63.9,91.2,70.0
2024-04-20 21:35:44,dev002,99.35,63.9,92.1,71.0
2024-04-20 21:36:49,dev0017,100.0,63.9,90.6,70.0
2024-04-20 21:36:49,dev0015,95.80000000000004,64.0,92.1,71.0
2024-04-20 21:36:49,dev0016,99.04285714285714,64.0,91.2,70.0
2024-04-20 21:36:49,dev0010,96.15000000000002,64.5,95.3,70.0
2024-04-20 21:36:49,dev0011,96.99999999999999,64.8,95.8,71.0
2024-04-20 21:36:49,dev0013,97.31666666666662,64.9,96.8,71.0
2024-04-20 21:36:49,dev000,95.80000000000004,65.0,96.3,70.0
2024-04-20 21:36:49,dev0019,98.80000000000001,65.0,97.0,71.0
2024-04-20 21:36:49,dev009,100.0,65.1,94.9,69.0
2024-04-20 21:36:49,dev008,100.0,64.4,97.2,69.0
2024-04-20 21:36:49,dev001,95.80000000000004,64.3,95.4,70.0
2024-04-20 21:36:49,dev003,99.42500000000001,64.3,95.7,70.0
2024-04-20 21:36:49,dev0018,96.15000000000002,64.3,94.9,70.0
2024-04-20 21:36:49,dev005,100.0,64.3,94.4,71.0
2024-04-20 21:36:49,dev004,100.0,64.3,93.1,70.0
2024-04-20 21:36:49,dev0014,96.99999999999999,64.3,92.3,70.0
2024-04-20 21:36:49,dev0012,96.5,64.3,91.0,70.0
2024-04-20 21:36:49,dev007,100.0,64.3,91.1,70.0
2024-04-20 21:36:49,dev006,100.0,64.4,92.5,70.0
2024-04-20 21:36:49,dev002,98.69999999999999,64.0,91.0,70.0
2024-04-20 21:37:54,dev0017,100.0,64.0,91.1,71.0
2024-04-20 21:37:54,dev0015,95.80000000000004,64.0,91.0,70.0
2024-04-20 21:37:54,dev0016,98.56428571428572,64.0,91.7,71.0
2024-04-20 21:37:54,dev000,95.80000000000004,64.0,91.2,71.0
2024-04-20 21:37:54,dev0011,96.99999999999999,64.1,92.1,71.0
2024-04-20 21:37:54,dev0013,97.31666666666662,64.1,92.2,70.0
2024-04-20 21:37:54,dev0019,98.20000000000002,64.0,91.4,70.0
2024-04-20 21:37:54,dev0010,96.15000000000002,64.1,91.0,70.0
2024-04-20 21:37:54,dev001,95.80000000000004,63.9,91.6,70.0
2024-04-20 21:37:54,dev009,100.0,64.0,91.5,70.0
2024-04-20 21:37:54,dev003,99.13750000000002,64.0,91.0,70.0
2024-04-20 21:37:54,dev008,100.0,64.1,91.2,69.0
2024-04-20 21:37:54,dev0012,96.5,64.0,91.3,70.0
2024-04-20 21:37:54,dev005,100.0,64.1,91.7,69.0
2024-04-20 21:37:54,dev0014,96.99999999999999,64.0,91.3,71.0
2024-04-20 21:37:54,dev004,100.0,64.1,90.4,69.0
2024-04-20 21:37:54,dev0018,96.15000000000002,64.1,90.9,71.0
2024-04-20 21:37:54,dev006,100.0,63.9,92.4,70.0
2024-04-20 21:37:54,dev007,100.0,63.9,91.2,69.0
2024-04-20 21:37:54,dev002,98.04999999999998,63.9,92.4,70.0
2024-04-20 21:38:59,dev0015,95.80000000000004,63.8,90.9,70.0
2024-04-20 21:38:59,dev0017,100.0,63.8,92.6,70.0
2024-04-20 21:38:59,dev0016,98.08571428571429,63.8,90.9,70.0
2024-04-20 21:38:59,dev000,95.80000000000004,63.7,91.6,70.0
2024-04-20 21:38:59,dev0019,97.60000000000002,63.8,91.1,69.0
2024-04-20 21:38:59,dev0010,96.15000000000002,63.8,91.6,70.0
2024-04-20 21:38:59,dev0013,97.31666666666662,63.9,90.5,70.0
2024-04-20 21:38:59,dev0011,96.99999999999999,63.8,92.3,69.0
2024-04-20 21:38:59,dev008,100.0,63.8,90.8,69.0
2024-04-20 21:38:59,dev009,100.0,63.8,91.8,69.0
2024-04-20 21:38:59,dev001,95.80000000000004,63.8,91.2,71.0
2024-04-20 21:38:59,dev003,98.85000000000002,63.9,92.2,70.0
2024-04-20 21:38:59,dev0014,96.99999999999999,63.8,91.1,70.0
2024-04-20 21:38:59,dev005,100.0,63.9,91.9,69.0
2024-04-20 21:38:59,dev004,100.0,63.9,90.2,69.0
2024-04-20 21:38:59,dev0012,96.5,63.9,90.4,70.0
2024-04-20 21:38:59,dev0018,96.15000000000002,63.9,91.8,69.0
2024-04-20 21:38:59,dev007,100.0,63.9,91.3,70.0
2024-04-20 21:38:59,dev006,100.0,63.9,90.6,70.0
2024-04-20 21:38:59,dev002,97.39999999999998,63.9,91.1,70.0
2024-04-20 21:40:04,dev0016,97.60714285714286,64.1,91.6,70.0
2024-04-20 21:40:04,dev0017,100.0,64.1,91.1,70.0
2024-04-20 21:40:04,dev0015,95.80000000000004,64.1,91.1,70.0
2024-04-20 21:40:04,dev000,95.80000000000004,64.1,91.1,70.0
2024-04-20 21:40:04,dev0010,96.15000000000002,64.1,91.9,69.0
2024-04-20 21:40:04,dev0019,97.00000000000003,64.1,90.9,70.0
2024-04-20 21:40:04,dev0013,97.31666666666662,64.2,91.7,71.0
2024-04-20 21:40:04,dev0011,96.99999999999999,64.2,90.5,69.0
2024-04-20 21:40:04,dev008,100.0,64.1,90.8,70.0
2024-04-20 21:40:04,dev001,95.80000000000004,64.1,90.8,71.0
2024-04-20 21:40:04,dev003,98.56250000000003,64.2,91.5,70.0
2024-04-20 21:40:04,dev009,100.0,64.2,90.2,70.0
2024-04-20 21:40:04,dev0018,96.15000000000002,64.2,91.5,70.0
2024-04-20 21:40:04,dev005,100.0,64.3,90.3,69.0
2024-04-20 21:40:04,dev0014,96.99999999999999,64.3,90.7,70.0
2024-04-20 21:40:04,dev004,100.0,64.3,91.5,71.0
2024-04-20 21:40:04,dev0012,96.5,64.3,90.9,70.0
2024-04-20 21:40:04,dev007,100.0,64.3,90.2,70.0
2024-04-20 21:40:04,dev006,100.0,64.1,90.5,70.0
2024-04-20 21:40:04,dev002,96.74999999999997,64.2,92.3,69.0
2024-04-20 21:41:09,dev0017,100.0,64.2,90.9,70.0
2024-04-20 21:41:09,dev0016,97.12857142857143,64.2,92.1,69.0
2024-04-20 21:41:09,dev0015,95.80000000000004,62.4,90.2,69.0
2024-04-20 21:41:09,dev0011,96.99999999999999,62.5,91.4,70.0
2024-04-20 21:41:09,dev000,95.80000000000004,62.5,90.9,71.0
2024-04-20 21:41:09,dev0010,96.15000000000002,62.5,91.7,70.0
2024-04-20 21:41:09,dev0019,96.40000000000003,62.5,90.6,69.0
2024-04-20 21:41:09,dev0013,97.31666666666662,62.5,91.4,69.0
2024-04-20 21:41:09,dev003,98.27500000000003,62.5,90.7,69.0
2024-04-20 21:41:09,dev008,100.0,62.5,91.7,69.0
2024-04-20 21:41:09,dev009,100.0,62.5,90.5,69.0
2024-04-20 21:41:09,dev001,95.80000000000004,62.5,92.3,71.0
2024-04-20 21:41:09,dev0012,96.5,62.6,91.2,69.0
2024-04-20 21:41:09,dev0014,96.99999999999999,62.7,90.9,70.0
2024-04-20 21:41:09,dev004,100.0,62.7,90.4,70.0
2024-04-20 21:41:09,dev0018,96.15000000000002,62.7,90.8,69.0
2024-04-20 21:41:09,dev005,100.0,62.7,90.8,70.0
2024-04-20 21:41:09,dev006,100.0,62.7,90.5,70.0
2024-04-20 21:41:09,dev007,100.0,62.7,91.9,72.0
2024-04-20 21:41:09,dev002,96.09999999999997,62.7,90.3,71.0
2024-04-20 21:42:14,dev0016,96.65,63.0,91.8,70.0
2024-04-20 21:42:14,dev0017,100.0,63.0,91.4,70.0
2024-04-20 21:42:14,dev0011,96.99999999999999,63.0,90.8,69.0
2024-04-20 21:42:14,dev000,95.80000000000004,63.0,90.7,70.0
2024-04-20 21:42:14,dev0015,95.80000000000004,62.9,91.9,69.0
2024-04-20 21:42:14,dev0013,97.31666666666662,62.9,91.1,71.0
2024-04-20 21:42:14,dev0019,95.80000000000004,63.0,91.7,70.0
2024-04-20 21:42:14,dev0010,96.15000000000002,63.1,91.1,71.0
2024-04-20 21:42:14,dev008,100.0,63.1,90.7,70.0
2024-04-20 21:42:14,dev003,97.98750000000004,63.0,91.8,69.0
2024-04-20 21:42:14,dev009,100.0,63.1,91.8,71.0
2024-04-20 21:42:14,dev0014,96.99999999999999,63.1,91.6,69.0
2024-04-20 21:42:14,dev001,95.80000000000004,63.0,90.1,71.0
2024-04-20 21:42:14,dev004,100.0,63.1,91.6,70.0
2024-04-20 21:42:14,dev0012,96.5,63.1,89.7,69.0
2024-04-20 21:42:14,dev0018,96.15000000000002,63.1,90.3,70.0
2024-04-20 21:42:14,dev007,100.0,63.1,90.6,71.0
2024-04-20 21:42:14,dev005,100.0,63.1,92.2,71.0
2024-04-20 21:42:14,dev006,100.0,63.2,90.9,70.0
2024-04-20 21:42:14,dev002,95.44999999999996,63.2,91.6,70.0
2024-04-20 21:43:44,dev007,99.4,63.6,91.5,71.0
2024-04-20 21:43:44,dev0013,97.31666666666662,63.6,90.6,71.0
2024-04-20 21:43:44,dev003,97.98750000000004,63.6,91.4,71.0
2024-04-20 21:43:44,dev0014,96.99999999999999,63.6,90.8,69.0
2024-04-20 21:43:44,dev0017,99.8125,63.6,91.9,70.0
2024-04-20 21:43:44,dev008,100.0,63.5,91.2,70.0
2024-04-20 21:43:44,dev0011,96.99999999999999,63.6,90.5,71.0
2024-04-20 21:43:44,dev0018,96.15000000000002,63.7,91.4,70.0
2024-04-20 21:43:44,dev009,100.0,63.6,92.2,70.0
2024-04-20 21:43:44,dev0010,96.15000000000002,63.5,91.0,70.0
2024-04-20 21:43:44,dev0015,95.80000000000004,63.6,91.5,70.0
2024-04-20 21:43:44,dev0012,96.5,63.7,91.1,70.0
2024-04-20 21:43:44,dev000,95.80000000000004,63.7,91.6,70.0
2024-04-20 21:43:44,dev002,95.44999999999996,63.7,91.2,69.0
2024-04-20 21:43:44,dev0019,95.80000000000004,63.7,90.6,70.0
2024-04-20 21:43:44,dev001,95.80000000000004,63.7,91.6,70.0
2024-04-20 21:43:44,dev0016,96.65,63.7,91.3,70.0
2024-04-20 21:43:44,dev005,99.52142857142857,63.8,91.1,69.0
2024-04-20 21:43:44,dev004,99.56666666666666,63.6,91.0,71.0
2024-04-20 21:43:44,dev006,99.5,63.7,91.9,71.0
2024-04-20 21:44:49,dev007,98.80000000000001,63.9,90.4,71.0
2024-04-20 21:44:49,dev008,100.0,63.9,92.1,71.0
2024-04-20 21:44:49,dev0010,96.15000000000002,63.9,91.2,70.0
2024-04-20 21:44:49,dev003,97.98750000000004,63.9,92.1,71.0
2024-04-20 21:44:49,dev0017,99.625,63.8,91.2,70.0
2024-04-20 21:44:49,dev009,100.0,63.9,92.0,69.0
2024-04-20 21:44:49,dev0013,97.31666666666662,64.2,93.7,70.0
2024-04-20 21:44:49,dev0018,96.15000000000002,64.5,94.8,70.0
2024-04-20 21:44:49,dev0014,96.99999999999999,64.6,96.2,69.0
2024-04-20 21:44:49,dev0011,96.99999999999999,64.6,95.3,71.0
2024-04-20 21:44:49,dev0015,95.80000000000004,64.7,95.1,70.0
2024-04-20 21:44:49,dev0012,96.5,64.7,93.1,69.0
2024-04-20 21:44:49,dev000,95.80000000000004,63.9,92.4,69.0
2024-04-20 21:44:49,dev002,95.44999999999996,63.8,91.7,69.0
2024-04-20 21:44:49,dev0016,96.65,63.8,91.6,70.0
2024-04-20 21:44:49,dev001,95.80000000000004,63.8,90.6,71.0
2024-04-20 21:44:49,dev004,99.13333333333333,64.0,90.2,70.0
2024-04-20 21:44:49,dev0019,95.80000000000004,64.0,90.7,71.0
2024-04-20 21:44:49,dev006,99.0,64.0,91.6,69.0
2024-04-20 21:44:49,dev005,99.04285714285714,63.9,91.3,70.0
2024-04-20 21:45:54,dev007,98.20000000000002,63.8,90.9,70.0
2024-04-20 21:45:54,dev0018,96.15000000000002,63.7,90.9,70.0
2024-04-20 21:45:54,dev0013,97.31666666666662,63.7,92.4,71.0
2024-04-20 21:45:54,dev009,100.0,63.7,91.9,70.0
2024-04-20 21:45:54,dev0017,99.4375,63.8,91.7,70.0
2024-04-20 21:45:54,dev003,97.98750000000004,63.8,90.9,71.0
2024-04-20 21:45:54,dev008,100.0,63.8,91.5,70.0
2024-04-20 21:45:54,dev0014,96.99999999999999,63.8,90.4,70.0
2024-04-20 21:45:54,dev0010,96.15000000000002,63.5,91.9,70.0
2024-04-20 21:45:54,dev000,95.80000000000004,63.5,91.1,70.0
2024-04-20 21:45:54,dev001,95.80000000000004,63.5,91.0,70.0
2024-04-20 21:45:54,dev002,95.44999999999996,63.6,90.8,70.0
2024-04-20 21:45:54,dev0012,96.5,63.6,91.0,70.0
2024-04-20 21:45:54,dev0016,96.65,63.8,90.5,69.0
2024-04-20 21:45:54,dev0011,96.99999999999999,63.7,90.7,71.0
2024-04-20 21:45:54,dev0015,95.80000000000004,63.7,92.4,70.0
2024-04-20 21:45:54,dev0019,95.80000000000004,63.7,90.8,70.0
2024-04-20 21:45:54,dev004,98.69999999999999,63.4,90.5,71.0
2024-04-20 21:45:54,dev006,98.5,63.5,90.8,70.0
2024-04-20 21:45:54,dev005,98.56428571428572,63.5,91.9,70.0
2024-04-20 21:46:59,dev007,97.60000000000002,64.1,90.6,70.0
2024-04-20 21:46:59,dev003,97.98750000000004,64.1,90.7,70.0
2024-04-20 21:46:59,dev0014,96.99999999999999,64.2,90.4,70.0
2024-04-20 21:46:59,dev008,100.0,64.2,91.4,69.0
2024-04-20 21:46:59,dev009,100.0,64.2,90.8,70.0
2024-04-20 21:46:59,dev0017,99.25,64.2,92.4,70.0
2024-04-20 21:46:59,dev0013,97.31666666666662,63.6,90.9,70.0
2024-04-20 21:46:59,dev0010,96.15000000000002,63.7,90.9,71.0
2024-04-20 21:46:59,dev0018,96.15000000000002,63.8,91.0,70.0
2024-04-20 21:46:59,dev0012,96.5,63.8,91.8,70.0
2024-04-20 21:46:59,dev0016,96.65,63.8,90.2,70.0
2024-04-20 21:46:59,dev001,95.80000000000004,63.9,90.9,70.0
2024-04-20 21:46:59,dev002,95.44999999999996,63.9,91.1,71.0
2024-04-20 21:46:59,dev000,95.80000000000004,63.9,90.7,71.0
2024-04-20 21:46:59,dev004,98.26666666666665,63.9,90.3,70.0
2024-04-20 21:46:59,dev0015,95.80000000000004,63.9,91.4,71.0
2024-04-20 21:46:59,dev0011,96.99999999999999,63.7,91.6,70.0
2024-04-20 21:46:59,dev006,98.0,63.7,91.0,70.0
2024-04-20 21:46:59,dev005,98.08571428571429,63.7,92.1,70.0
2024-04-20 21:46:59,dev0019,95.80000000000004,63.7,90.5,71.0
2024-04-20 21:48:04,dev007,97.00000000000003,63.7,90.8,70.0
2024-04-20 21:48:04,dev003,97.98750000000004,63.7,90.9,71.0
2024-04-20 21:48:04,dev0018,96.15000000000002,63.7,91.5,70.0
2024-04-20 21:48:04,dev0014,96.99999999999999,63.7,90.6,71.0
2024-04-20 21:48:04,dev009,100.0,63.7,90.7,71.0
2024-04-20 21:48:04,dev008,100.0,63.8,91.0,70.0
2024-04-20 21:48:04,dev0017,99.0625,63.8,92.0,70.0
2024-04-20 21:48:04,dev0010,96.15000000000002,63.8,90.4,70.0
2024-04-20 21:48:04,dev0013,97.31666666666662,63.8,90.5,71.0
2024-04-20 21:48:04,dev002,95.44999999999996,63.8,90.4,71.0
2024-04-20 21:48:04,dev0012,96.5,63.8,91.8,70.0
2024-04-20 21:48:04,dev001,95.80000000000004,63.8,91.2,70.0
2024-04-20 21:48:04,dev0016,96.65,63.7,91.3,70.0
2024-04-20 21:48:04,dev000,95.80000000000004,63.7,90.9,71.0
2024-04-20 21:48:04,dev0011,96.99999999999999,63.7,90.4,69.0
2024-04-20 21:48:04,dev006,97.5,63.7,91.7,70.0
2024-04-20 21:48:04,dev005,97.60714285714286,63.7,90.6,71.0
2024-04-20 21:48:04,dev0015,95.80000000000004,63.7,92.3,71.0
2024-04-20 21:48:04,dev004,97.83333333333331,63.8,91.5,70.0
2024-04-20 21:48:04,dev0019,95.80000000000004,63.8,92.1,70.0
2024-04-20 21:49:09,dev007,96.40000000000003,63.6,90.2,70.0
2024-04-20 21:49:09,dev003,97.98750000000004,63.6,91.8,70.0
2024-04-20 21:49:09,dev009,100.0,63.6,90.8,71.0
2024-04-20 21:49:09,dev0018,96.15000000000002,63.6,91.1,70.0
2024-04-20 21:49:09,dev0014,96.99999999999999,63.7,90.6,70.0
2024-04-20 21:49:09,dev0010,96.15000000000002,63.7,90.1,70.0
2024-04-20 21:49:09,dev008,100.0,63.7,90.4,70.0
2024-04-20 21:49:09,dev0017,98.875,63.7,91.3,70.0
2024-04-20 21:49:09,dev0012,96.5,63.8,90.7,70.0
2024-04-20 21:49:09,dev0016,96.65,63.8,91.4,71.0
2024-04-20 21:49:09,dev0013,97.31666666666662,63.8,91.0,70.0
2024-04-20 21:49:09,dev002,95.44999999999996,63.8,90.4,70.0
2024-04-20 21:49:09,dev001,95.80000000000004,63.6,91.0,70.0
2024-04-20 21:49:09,dev005,97.12857142857143,63.5,90.1,70.0
2024-04-20 21:49:09,dev006,97.0,63.5,91.4,70.0
2024-04-20 21:49:09,dev000,95.80000000000004,63.5,90.6,70.0
2024-04-20 21:49:09,dev0011,96.99999999999999,63.7,89.8,69.0
2024-04-20 21:49:09,dev0019,95.80000000000004,63.6,90.7,69.0
2024-04-20 21:49:09,dev0015,95.80000000000004,63.6,91.5,70.0
2024-04-20 21:49:09,dev004,97.39999999999998,63.6,91.5,71.0
2024-04-20 21:50:14,dev007,95.80000000000004,63.5,91.6,69.0
2024-04-20 21:50:14,dev003,97.98750000000004,63.6,90.8,71.0
2024-04-20 21:50:14,dev0010,96.15000000000002,63.6,91.7,69.0
2024-04-20 21:50:14,dev0018,96.15000000000002,63.6,90.4,70.0
2024-04-20 21:50:14,dev0014,96.99999999999999,63.6,90.4,70.0
2024-04-20 21:50:14,dev009,100.0,63.6,90.6,71.0
2024-04-20 21:50:14,dev0017,98.6875,63.7,92.7,70.0
2024-04-20 21:50:14,dev0016,96.65,63.4,91.2,70.0
2024-04-20 21:50:14,dev0012,96.5,63.5,92.1,70.0
2024-04-20 21:50:14,dev001,95.80000000000004,63.5,90.7,70.0
2024-04-20 21:50:14,dev0013,97.31666666666662,63.5,90.7,70.0
2024-04-20 21:50:14,dev002,95.44999999999996,63.5,91.1,69.0
2024-04-20 21:50:14,dev008,100.0,63.5,91.3,70.0
2024-04-20 21:50:14,dev005,96.65,63.5,91.9,69.0
2024-04-20 21:50:14,dev006,96.5,63.5,90.6,70.0
2024-04-20 21:50:14,dev000,95.80000000000004,63.5,90.9,69.0
2024-04-20 21:50:14,dev004,96.96666666666664,63.5,91.5,69.0
2024-04-20 21:50:14,dev0019,95.80000000000004,63.4,92.4,70.0
2024-04-20 21:50:14,dev0015,95.80000000000004,63.4,90.4,70.0
2024-04-20 21:50:14,dev0011,96.99999999999999,63.5,90.2,70.0
2024-04-20 21:51:44,dev0017,98.6875,63.6,91.9,71.0
2024-04-20 21:51:44,dev0010,96.15000000000002,63.6,92.8,70.0
2024-04-20 21:51:44,dev008,99.42142857142858,63.7,92.3,71.0
2024-04-20 21:51:44,dev0012,96.5,63.6,90.8,70.0
2024-04-20 21:51:44,dev002,95.44999999999996,63.6,90.7,69.0
2024-04-20 21:51:44,dev0013,97.31666666666662,63.2,90.6,71.0
2024-04-20 21:51:44,dev006,96.5,63.3,92.1,69.0
2024-04-20 21:51:44,dev005,96.65,63.4,90.6,71.0
2024-04-20 21:51:44,dev0018,96.15000000000002,63.4,92.1,70.0
2024-04-20 21:51:44,dev0014,96.99999999999999,63.4,91.2,71.0
2024-04-20 21:51:44,dev004,96.96666666666664,63.9,92.6,71.0
2024-04-20 21:51:44,dev001,95.80000000000004,64.1,95.7,70.0
2024-04-20 21:51:44,dev0019,95.80000000000004,64.4,94.8,69.0
2024-04-20 21:51:44,dev0015,95.80000000000004,64.3,91.5,70.0
2024-04-20 21:51:44,dev0016,96.65,64.3,91.6,70.0
2024-04-20 21:51:44,dev007,95.80000000000004,64.3,92.6,70.0
2024-04-20 21:51:44,dev000,95.80000000000004,64.3,91.2,71.0
2024-04-20 21:51:44,dev009,99.4,64.1,91.6,69.0
2024-04-20 21:51:44,dev003,97.65416666666671,64.1,90.9,70.0
2024-04-20 21:51:44,dev0011,96.49999999999999,64.0,91.1,70.0
2024-04-20 21:52:49,dev008,98.84285714285716,63.6,93.4,70.0
2024-04-20 21:52:49,dev0017,98.6875,63.6,93.8,70.0
2024-04-20 21:52:49,dev0010,96.15000000000002,63.6,90.5,71.0
2024-04-20 21:52:49,dev005,96.65,63.6,90.5,70.0
2024-04-20 21:52:49,dev0012,96.5,63.7,91.8,70.0
2024-04-20 21:52:49,dev0018,96.15000000000002,63.6,92.3,70.0
2024-04-20 21:52:49,dev0013,97.31666666666662,63.6,90.8,70.0
2024-04-20 21:52:49,dev002,95.44999999999996,63.6,90.6,70.0
2024-04-20 21:52:49,dev006,96.5,63.6,91.2,70.0
2024-04-20 21:52:49,dev0014,96.99999999999999,63.6,91.4,71.0
2024-04-20 21:52:49,dev007,95.80000000000004,63.7,90.1,69.0
2024-04-20 21:52:49,dev000,95.80000000000004,63.7,90.3,70.0
2024-04-20 21:52:49,dev001,95.80000000000004,63.7,91.0,69.0
2024-04-20 21:52:49,dev004,96.96666666666664,63.7,90.9,70.0
2024-04-20 21:52:49,dev0016,96.65,63.7,91.7,70.0
2024-04-20 21:52:49,dev0019,95.80000000000004,63.7,90.5,70.0
2024-04-20 21:52:49,dev0015,95.80000000000004,63.8,91.5,70.0
2024-04-20 21:52:49,dev003,97.32083333333338,63.8,91.1,70.0
2024-04-20 21:52:49,dev009,98.80000000000001,63.7,90.3,70.0
2024-04-20 21:52:49,dev0011,95.99999999999999,63.7,90.6,71.0
2024-04-20 21:53:54,dev008,98.26428571428573,63.7,92.5,70.0
2024-04-20 21:53:54,dev0010,96.15000000000002,63.7,90.9,70.0
2024-04-20 21:53:54,dev0017,98.6875,63.7,91.1,70.0
2024-04-20 21:53:54,dev002,95.44999999999996,63.7,91.0,70.0
2024-04-20 21:53:54,dev0014,96.99999999999999,63.8,92.4,70.0
2024-04-20 21:53:54,dev005,96.65,63.8,91.1,69.0
2024-04-20 21:53:54,dev0012,96.5,63.8,92.0,70.0
2024-04-20 21:53:54,dev0018,96.15000000000002,63.8,90.9,71.0
2024-04-20 21:53:54,dev0013,97.31666666666662,63.9,91.8,70.0
2024-04-20 21:53:54,dev006,96.5,63.8,91.2,70.0
2024-04-20 21:53:54,dev001,95.80000000000004,63.9,90.6,70.0
2024-04-20 21:53:54,dev000,95.80000000000004,63.6,91.9,71.0
2024-04-20 21:53:54,dev004,96.96666666666664,63.7,90.9,70.0
2024-04-20 21:53:54,dev007,95.80000000000004,63.7,92.2,69.0
2024-04-20 21:53:54,dev0016,96.65,63.7,91.1,70.0
2024-04-20 21:53:54,dev0015,95.80000000000004,63.7,92.2,69.0
2024-04-20 21:53:54,dev009,98.20000000000002,63.8,91.1,71.0
2024-04-20 21:53:54,dev003,96.98750000000005,63.6,91.6,70.0
2024-04-20 21:53:54,dev0011,95.49999999999999,63.7,91.3,72.0
2024-04-20 21:53:54,dev0019,95.80000000000004,63.7,92.1,71.0
2024-04-20 21:54:59,dev008,97.68571428571431,63.9,90.3,71.0
2024-04-20 21:54:59,dev0017,98.6875,63.9,91.5,70.0
2024-04-20 21:54:59,dev0010,96.15000000000002,63.9,90.0,70.0
2024-04-20 21:54:59,dev0012,96.5,63.9,90.8,71.0
2024-04-20 21:54:59,dev002,95.44999999999996,63.9,90.6,70.0
2024-04-20 21:54:59,dev0018,96.15000000000002,63.9,92.5,70.0
2024-04-20 21:54:59,dev005,96.65,63.9,91.2,69.0
2024-04-20 21:54:59,dev0014,96.99999999999999,63.9,91.2,71.0
2024-04-20 21:54:59,dev004,96.96666666666664,63.9,91.2,69.0
2024-04-20 21:54:59,dev006,96.5,63.8,92.0,70.0
2024-04-20 21:54:59,dev001,95.80000000000004,63.8,91.8,70.0
2024-04-20 21:54:59,dev0016,96.65,63.8,90.4,70.0
2024-04-20 21:54:59,dev000,95.80000000000004,63.8,91.7,69.0
2024-04-20 21:54:59,dev007,95.80000000000004,63.8,90.7,69.0
2024-04-20 21:54:59,dev0013,97.31666666666662,63.8,91.3,70.0
2024-04-20 21:54:59,dev003,96.65416666666673,63.8,90.9,69.0
2024-04-20 21:54:59,dev009,97.60000000000002,63.8,90.9,70.0
2024-04-20 21:54:59,dev0011,94.99999999999999,63.8,91.0,70.0
2024-04-20 21:54:59,dev0015,95.80000000000004,63.8,92.1,70.0
2024-04-20 21:54:59,dev0019,95.80000000000004,63.8,91.3,71.0
2024-04-20 21:56:04,dev0017,98.6875,63.9,92.3,70.0
2024-04-20 21:56:04,dev008,97.10714285714289,63.8,91.1,70.0
2024-04-20 21:56:04,dev0010,96.15000000000002,63.8,91.0,70.0
2024-04-20 21:56:04,dev002,95.44999999999996,63.8,90.7,70.0
2024-04-20 21:56:04,dev0014,96.99999999999999,63.8,91.5,69.0
2024-04-20 21:56:04,dev0018,96.15000000000002,63.8,90.7,70.0
2024-04-20 21:56:04,dev005,96.65,63.8,91.2,70.0
2024-04-20 21:56:04,dev0012,96.5,63.9,91.1,71.0
2024-04-20 21:56:04,dev000,95.80000000000004,63.9,92.5,71.0
2024-04-20 21:56:04,dev0016,96.65,63.8,91.4,69.0
2024-04-20 21:56:04,dev004,96.96666666666664,63.8,91.3,71.0
2024-04-20 21:56:04,dev001,95.80000000000004,63.8,90.9,70.0
2024-04-20 21:56:04,dev006,96.5,63.8,90.3,70.0
2024-04-20 21:56:04,dev007,95.80000000000004,63.9,92.6,69.0
2024-04-20 21:56:04,dev0013,97.31666666666662,63.9,90.7,70.0
2024-04-20 21:56:04,dev009,97.00000000000003,63.9,91.7,71.0
2024-04-20 21:56:04,dev0011,94.49999999999999,63.8,91.6,70.0
2024-04-20 21:56:04,dev0015,95.80000000000004,63.9,90.2,71.0
2024-04-20 21:56:04,dev003,96.3208333333334,63.8,90.7,69.0
2024-04-20 21:56:04,dev0019,95.80000000000004,63.7,92.2,70.0
2024-04-20 21:57:09,dev0010,96.15000000000002,63.9,90.3,70.0
2024-04-20 21:57:09,dev0017,98.6875,63.9,91.5,71.0
2024-04-20 21:57:09,dev008,96.52857142857147,63.9,90.7,71.0
2024-04-20 21:57:09,dev0018,96.15000000000002,63.9,92.5,71.0
2024-04-20 21:57:09,dev0014,96.99999999999999,63.9,91.0,72.0
2024-04-20 21:57:09,dev002,95.44999999999996,63.9,90.6,70.0
2024-04-20 21:57:09,dev000,95.80000000000004,63.9,91.3,70.0
2024-04-20 21:57:09,dev0013,97.31666666666662,63.9,91.5,70.0
2024-04-20 21:57:09,dev004,96.96666666666664,63.9,91.3,71.0
2024-04-20 21:57:09,dev006,96.5,63.9,91.5,70.0
2024-04-20 21:57:09,dev0016,96.65,63.8,91.5,70.0
2024-04-20 21:57:09,dev001,95.80000000000004,63.8,90.9,70.0
2024-04-20 21:57:09,dev005,96.65,63.9,91.1,70.0
2024-04-20 21:57:09,dev0012,96.5,63.9,90.4,70.0
2024-04-20 21:57:09,dev009,96.40000000000003,63.9,91.0,71.0
2024-04-20 21:57:09,dev007,95.80000000000004,63.9,90.4,71.0
2024-04-20 21:57:09,dev0011,93.99999999999999,63.8,91.8,71.0
2024-04-20 21:57:09,dev0015,95.80000000000004,63.9,90.9,71.0
2024-04-20 21:57:09,dev003,95.98750000000007,63.9,91.3,69.0
2024-04-20 21:57:09,dev0019,95.80000000000004,63.9,91.1,70.0
2024-04-20 21:58:14,dev0010,96.15000000000002,63.9,90.9,70.0
2024-04-20 21:58:14,dev008,95.95000000000005,63.9,91.6,71.0
2024-04-20 21:58:14,dev0017,98.6875,63.9,91.4,69.0
2024-04-20 21:58:14,dev0018,96.15000000000002,63.9,91.0,70.0
2024-04-20 21:58:14,dev006,96.5,64.0,91.1,70.0
2024-04-20 21:58:14,dev001,95.80000000000004,64.0,90.2,71.0
2024-04-20 21:58:14,dev0014,96.99999999999999,64.0,92.1,71.0
2024-04-20 21:58:14,dev0013,97.31666666666662,64.0,90.6,70.0
2024-04-20 21:58:14,dev000,95.80000000000004,64.1,91.8,70.0
2024-04-20 21:58:14,dev0016,96.65,64.0,90.7,69.0
2024-04-20 21:58:14,dev002,95.44999999999996,64.0,91.0,70.0
2024-04-20 21:58:14,dev004,96.96666666666664,64.0,91.5,70.0
2024-04-20 21:58:14,dev0012,96.5,64.0,90.9,70.0
2024-04-20 21:58:14,dev009,95.80000000000004,63.9,91.1,71.0
2024-04-20 21:58:14,dev007,95.80000000000004,63.9,91.1,69.0
2024-04-20 21:58:14,dev005,96.65,64.0,91.9,70.0
2024-04-20 21:58:14,dev003,95.65416666666674,63.9,90.8,70.0
2024-04-20 21:58:14,dev0011,93.49999999999999,63.9,91.0,69.0
2024-04-20 21:58:14,dev0015,95.80000000000004,63.9,91.0,69.0
2024-04-20 21:58:14,dev0019,95.80000000000004,63.9,92.2,70.0
2024-04-20 21:59:44,dev0017,98.5,64.1,92.1,71.0
2024-04-20 21:59:44,dev0013,96.84166666666663,64.1,91.6,70.0
2024-04-20 21:59:44,dev0016,96.65,64.0,92.5,70.0
2024-04-20 21:59:44,dev007,95.80000000000004,64.0,91.0,70.0
2024-04-20 21:59:44,dev005,96.65,64.0,92.0,70.0
2024-04-20 21:59:44,dev0015,95.80000000000004,64.0,91.4,71.0
2024-04-20 21:59:44,dev004,96.96666666666664,64.0,91.6,70.0
2024-04-20 21:59:44,dev009,95.80000000000004,63.9,91.2,70.0
2024-04-20 21:59:44,dev0014,96.39999999999999,64.1,90.6,71.0
2024-04-20 21:59:44,dev0011,93.49999999999999,64.1,91.8,72.0
2024-04-20 21:59:44,dev000,95.80000000000004,64.0,91.7,71.0
2024-04-20 21:59:44,dev002,95.44999999999996,64.0,92.2,71.0
2024-04-20 21:59:44,dev0012,96.0,64.0,91.4,71.0
2024-04-20 21:59:44,dev0010,96.15000000000002,64.0,92.4,71.0
2024-04-20 21:59:44,dev001,95.80000000000004,64.0,91.1,71.0
2024-04-20 21:59:44,dev0018,96.15000000000002,64.0,90.8,71.0
2024-04-20 21:59:44,dev008,95.95000000000005,64.0,91.3,70.0
2024-04-20 21:59:44,dev0019,95.80000000000004,64.1,90.7,71.0
2024-04-20 21:59:44,dev003,95.65416666666674,64.1,91.2,71.0
2024-04-20 21:59:44,dev006,96.5,64.1,91.3,72.0
2024-04-20 22:00:49,dev0017,98.3125,64.0,90.8,71.0
2024-04-20 22:00:49,dev0013,96.36666666666663,64.0,92.0,70.0
2024-04-20 22:00:49,dev0016,96.65,64.0,90.9,71.0
2024-04-20 22:00:49,dev005,96.65,64.0,90.5,71.0
2024-04-20 22:00:49,dev007,95.80000000000004,64.0,90.7,70.0
2024-04-20 22:00:49,dev0015,95.80000000000004,64.0,91.9,71.0
2024-04-20 22:00:49,dev0011,93.49999999999999,64.0,91.5,71.0
2024-04-20 22:00:49,dev009,95.80000000000004,64.0,91.4,71.0
2024-04-20 22:00:49,dev0014,95.8,64.0,90.7,70.0
2024-04-20 22:00:49,dev000,95.80000000000004,64.1,90.4,71.0
2024-04-20 22:00:49,dev004,96.96666666666664,64.1,92.3,70.0
2024-04-20 22:00:49,dev002,95.44999999999996,64.1,90.6,70.0
2024-04-20 22:00:49,dev0012,95.5,64.1,91.8,70.0
2024-04-20 22:00:49,dev008,95.95000000000005,64.0,90.9,70.0
2024-04-20 22:00:49,dev0018,96.15000000000002,64.5,93.3,71.0
2024-04-20 22:00:49,dev0010,96.15000000000002,64.8,94.5,70.0
2024-04-20 22:00:49,dev006,96.5,65.2,95.4,70.0
2024-04-20 22:00:49,dev003,95.65416666666674,65.7,91.6,70.0
2024-04-20 22:00:49,dev001,95.80000000000004,65.6,90.8,70.0
2024-04-20 22:00:49,dev0019,95.80000000000004,65.8,91.0,69.0
2024-04-20 22:01:54,dev0017,98.125,65.2,91.9,70.0
2024-04-20 22:01:54,dev0013,95.89166666666664,65.2,90.7,71.0
2024-04-20 22:01:54,dev0016,96.65,65.2,90.9,71.0
2024-04-20 22:01:54,dev009,95.80000000000004,65.2,91.2,70.0
2024-04-20 22:01:54,dev005,96.65,65.2,91.8,71.0
2024-04-20 22:01:54,dev0014,95.2,65.2,91.2,71.0
2024-04-20 22:01:54,dev007,95.80000000000004,65.1,92.0,70.0
2024-04-20 22:01:54,dev0015,95.80000000000004,65.2,90.6,71.0
2024-04-20 22:01:54,dev0011,93.49999999999999,65.2,91.1,71.0
2024-04-20 22:01:54,dev000,95.80000000000004,65.2,91.7,71.0
2024-04-20 22:01:54,dev0012,95.0,65.2,91.5,71.0
2024-04-20 22:01:54,dev002,95.44999999999996,65.6,94.4,71.0
2024-04-20 22:01:54,dev004,96.96666666666664,66.0,93.9,70.0
2024-04-20 22:01:54,dev0018,96.15000000000002,66.1,93.4,71.0
2024-04-20 22:01:54,dev0010,96.15000000000002,66.1,90.9,70.0
2024-04-20 22:01:54,dev008,95.95000000000005,66.1,92.8,70.0
2024-04-20 22:01:54,dev003,95.65416666666674,66.1,91.3,72.0
2024-04-20 22:01:54,dev006,96.5,65.3,92.8,70.0
2024-04-20 22:01:54,dev001,95.80000000000004,65.2,90.8,70.0
2024-04-20 22:01:54,dev0019,95.80000000000004,65.2,91.0,72.0
2024-04-20 22:02:59,dev0017,97.9375,65.0,90.6,71.0
2024-04-20 22:02:59,dev0016,96.65,65.0,92.6,71.0
2024-04-20 22:02:59,dev0013,95.41666666666664,65.1,90.5,70.0
2024-04-20 22:02:59,dev007,95.80000000000004,65.1,90.2,71.0
2024-04-20 22:02:59,dev005,96.65,65.2,90.8,70.0
2024-04-20 22:02:59,dev0015,95.80000000000004,65.2,91.8,70.0
2024-04-20 22:02:59,dev009,95.80000000000004,65.2,91.5,70.0
2024-04-20 22:02:59,dev0011,93.49999999999999,65.0,92.3,70.0
2024-04-20 22:02:59,dev0014,94.60000000000001,65.5,94.6,71.0
2024-04-20 22:02:59,dev000,95.80000000000004,65.6,95.0,71.0
2024-04-20 22:02:59,dev004,96.96666666666664,65.8,95.7,71.0
2024-04-20 22:02:59,dev0012,94.5,65.9,91.8,71.0
2024-04-20 22:02:59,dev002,95.44999999999996,66.0,91.4,70.0
2024-04-20 22:02:59,dev008,95.95000000000005,65.9,91.1,71.0
2024-04-20 22:02:59,dev0010,96.15000000000002,65.9,91.5,71.0
2024-04-20 22:02:59,dev006,96.5,65.0,91.2,72.0
2024-04-20 22:02:59,dev0018,96.15000000000002,65.1,91.7,71.0
2024-04-20 22:02:59,dev003,95.65416666666674,65.0,90.8,70.0
2024-04-20 22:02:59,dev001,95.80000000000004,65.0,91.0,71.0
2024-04-20 22:02:59,dev0019,95.80000000000004,65.0,90.9,71.0
2024-04-20 22:04:04,dev0017,97.75,64.8,91.8,70.0
2024-04-20 22:04:04,dev0013,94.94166666666665,64.7,91.1,71.0
2024-04-20 22:04:04,dev0016,96.65,64.8,91.2,70.0
2024-04-20 22:04:04,dev005,96.65,64.8,90.7,71.0
2024-04-20 22:04:04,dev0014,94.00000000000001,64.8,91.9,71.0
2024-04-20 22:04:04,dev007,95.80000000000004,64.8,90.0,71.0
2024-04-20 22:04:04,dev009,95.80000000000004,64.8,90.7,70.0
2024-04-20 22:04:04,dev0015,95.80000000000004,64.8,91.8,71.0
2024-04-20 22:04:04,dev0011,93.49999999999999,64.8,90.7,70.0
2024-04-20 22:04:04,dev000,95.80000000000004,64.9,91.7,70.0
2024-04-20 22:04:04,dev0012,94.0,64.8,91.1,71.0
2024-04-20 22:04:04,dev002,95.44999999999996,64.8,92.2,71.0
2024-04-20 22:04:04,dev004,96.96666666666664,64.8,90.5,71.0
2024-04-20 22:04:04,dev0010,96.15000000000002,64.9,90.6,71.0
2024-04-20 22:04:04,dev0018,96.15000000000002,64.8,90.5,71.0
2024-04-20 22:04:04,dev006,96.5,64.8,91.6,70.0
2024-04-20 22:04:04,dev008,95.95000000000005,64.8,91.0,71.0
2024-04-20 22:04:04,dev001,95.80000000000004,64.8,91.8,71.0
2024-04-20 22:04:04,dev003,95.65416666666674,64.8,90.9,69.0
2024-04-20 22:04:04,dev0019,95.80000000000004,64.8,91.1,70.0
2024-04-20 22:05:09,dev0017,97.5625,64.9,90.7,71.0
2024-04-20 22:05:09,dev0016,96.65,65.1,92.7,70.0
2024-04-20 22:05:09,dev0013,94.46666666666665,65.5,93.4,70.0
2024-04-20 22:05:09,dev007,95.80000000000004,65.6,94.7,70.0
2024-04-20 22:05:09,dev0014,93.40000000000002,65.7,90.8,71.0
2024-04-20 22:05:09,dev005,96.65,65.7,91.3,71.0
2024-04-20 22:05:09,dev009,95.80000000000004,65.7,92.0,70.0
2024-04-20 22:05:09,dev0012,93.5,65.7,91.6,70.0
2024-04-20 22:05:09,dev000,95.80000000000004,65.4,92.9,70.0
2024-04-20 22:05:09,dev0011,93.49999999999999,65.4,90.9,71.0
2024-04-20 22:05:09,dev0015,95.80000000000004,65.4,90.9,70.0
2024-04-20 22:05:09,dev008,95.95000000000005,65.4,91.3,71.0
2024-04-20 22:05:09,dev001,95.80000000000004,64.9,92.3,70.0
2024-04-20 22:05:09,dev0018,96.15000000000002,64.8,90.5,71.0
2024-04-20 22:05:09,dev006,96.5,64.7,91.2,70.0
2024-04-20 22:05:09,dev002,95.44999999999996,64.7,90.6,71.0
2024-04-20 22:05:09,dev0019,95.80000000000004,64.7,91.1,71.0
2024-04-20 22:05:09,dev003,95.65416666666674,64.7,90.7,71.0
2024-04-20 22:05:09,dev0010,96.15000000000002,64.7,92.0,71.0
2024-04-20 22:05:09,dev004,96.96666666666664,64.7,90.6,71.0
2024-04-20 22:06:14,dev0017,97.375,64.7,90.8,70.0
2024-04-20 22:06:14,dev0016,96.65,64.7,92.0,70.0
2024-04-20 22:06:14,dev0013,93.99166666666666,64.7,92.2,70.0
2024-04-20 22:06:14,dev007,95.80000000000004,64.8,90.7,70.0
2024-04-20 22:06:14,dev009,95.80000000000004,64.8,91.1,71.0
2024-04-20 22:06:14,dev0014,92.80000000000003,64.8,91.8,71.0
2024-04-20 22:06:14,dev005,96.65,64.9,92.2,70.0
2024-04-20 22:06:14,dev000,95.80000000000004,64.9,92.6,70.0
2024-04-20 22:06:14,dev0011,93.49999999999999,64.9,90.7,71.0
2024-04-20 22:06:14,dev0012,93.0,64.8,91.5,71.0
2024-04-20 22:06:14,dev0018,96.15000000000002,64.8,91.2,71.0
2024-04-20 22:06:14,dev002,95.44999999999996,64.8,92.7,70.0
2024-04-20 22:06:14,dev0015,95.80000000000004,64.6,90.8,70.0
2024-04-20 22:06:14,dev004,96.96666666666664,64.5,90.5,69.0
2024-04-20 22:06:14,dev008,95.95000000000005,64.5,90.7,71.0
2024-04-20 22:06:14,dev003,95.65416666666674,64.4,92.1,70.0
2024-04-20 22:06:14,dev0019,95.80000000000004,64.4,91.1,70.0
2024-04-20 22:06:14,dev0010,96.15000000000002,64.4,92.3,71.0
2024-04-20 22:06:14,dev001,95.80000000000004,64.7,92.1,70.0
2024-04-20 22:06:14,dev006,96.5,65.1,93.6,71.0
2024-04-20 22:07:44,dev0017,97.1875,64.6,92.0,71.0
2024-04-20 22:07:44,dev0012,93.0,64.6,91.3,70.0
2024-04-20 22:07:44,dev0010,96.15000000000002,64.6,91.5,71.0
2024-04-20 22:07:44,dev0016,96.22142857142858,64.6,91.1,70.0
2024-04-20 22:07:44,dev0019,95.80000000000004,64.6,92.0,70.0
2024-04-20 22:07:44,dev008,95.95000000000005,64.7,91.1,69.0
2024-04-20 22:07:44,dev0018,95.55000000000003,64.7,92.0,70.0
2024-04-20 22:07:44,dev000,95.80000000000004,64.7,91.4,71.0
2024-04-20 22:07:44,dev001,95.80000000000004,64.7,91.0,70.0
2024-04-20 22:07:44,dev0015,95.80000000000004,64.7,91.8,70.0
2024-04-20 22:07:44,dev007,95.80000000000004,64.7,91.4,70.0
2024-04-20 22:07:44,dev003,95.65416666666674,64.7,91.2,70.0
2024-04-20 22:07:44,dev0013,93.99166666666666,64.7,90.4,71.0
2024-04-20 22:07:44,dev0011,93.49999999999999,64.7,91.8,70.0
2024-04-20 22:07:44,dev0014,92.80000000000003,64.7,91.2,71.0
2024-04-20 22:07:44,dev009,95.80000000000004,64.7,91.1,71.0
2024-04-20 22:07:44,dev004,96.5333333333333,64.8,90.8,70.0
2024-04-20 22:07:44,dev002,95.44999999999996,64.6,91.8,69.0
2024-04-20 22:07:44,dev005,96.26666666666667,64.6,90.7,70.0
2024-04-20 22:07:44,dev006,96.0,64.6,91.2,71.0
2024-04-20 22:08:49,dev0016,95.79285714285714,64.7,91.0,71.0
2024-04-20 22:08:49,dev0012,93.0,64.7,92.2,72.0
2024-04-20 22:08:49,dev0010,96.15000000000002,64.7,90.8,70.0
2024-04-20 22:08:49,dev0017,97.0,64.7,91.5,70.0
2024-04-20 22:08:49,dev000,95.80000000000004,64.7,90.4,70.0
2024-04-20 22:08:49,dev0018,94.95000000000003,64.7,91.4,70.0
2024-04-20 22:08:49,dev0019,95.80000000000004,64.6,91.0,70.0
2024-04-20 22:08:49,dev001,95.80000000000004,64.6,90.6,70.0
2024-04-20 22:08:49,dev008,95.95000000000005,64.6,91.8,70.0
2024-04-20 22:08:49,dev0015,95.80000000000004,64.6,91.3,71.0
2024-04-20 22:08:49,dev0011,93.49999999999999,64.7,90.7,71.0
2024-04-20 22:08:49,dev0014,92.80000000000003,64.6,91.0,70.0
2024-04-20 22:08:49,dev007,95.80000000000004,64.6,91.9,70.0
2024-04-20 22:08:49,dev0013,93.99166666666666,64.6,91.2,70.0
2024-04-20 22:08:49,dev003,95.65416666666674,64.7,90.9,70.0
2024-04-20 22:08:49,dev009,95.80000000000004,64.6,90.1,71.0
2024-04-20 22:08:49,dev004,96.09999999999997,64.6,91.8,70.0
2024-04-20 22:08:49,dev005,95.88333333333333,64.6,91.0,70.0
2024-04-20 22:08:49,dev006,95.5,64.6,92.0,70.0
2024-04-20 22:08:49,dev002,95.44999999999996,64.6,91.2,71.0
2024-04-20 22:09:54,dev0016,95.36428571428571,64.7,92.2,71.0
2024-04-20 22:09:54,dev0017,96.8125,64.7,91.1,71.0
2024-04-20 22:09:54,dev0010,96.15000000000002,64.7,92.6,71.0
2024-04-20 22:09:54,dev0012,93.0,64.7,91.3,71.0
2024-04-20 22:09:54,dev0015,95.80000000000004,65.1,94.3,71.0
2024-04-20 22:09:54,dev001,95.80000000000004,65.5,95.8,71.0
2024-04-20 22:09:54,dev008,95.95000000000005,65.5,95.9,70.0
2024-04-20 22:09:54,dev000,95.80000000000004,65.5,93.4,70.0
2024-04-20 22:09:54,dev0018,94.35000000000004,65.5,91.2,70.0
2024-04-20 22:09:54,dev0019,95.80000000000004,65.5,91.1,70.0
2024-04-20 22:09:54,dev0014,92.80000000000003,65.5,90.7,71.0
2024-04-20 22:09:54,dev007,95.80000000000004,65.6,92.5,70.0
2024-04-20 22:09:54,dev003,95.65416666666674,65.5,91.1,70.0
2024-04-20 22:09:54,dev0011,93.49999999999999,65.5,92.8,69.0
2024-04-20 22:09:54,dev0013,93.99166666666666,65.5,91.8,70.0
2024-04-20 22:09:54,dev009,95.80000000000004,65.5,92.5,71.0
2024-04-20 22:09:54,dev004,95.66666666666663,65.5,91.2,71.0
2024-04-20 22:09:54,dev002,95.44999999999996,65.5,92.8,70.0
2024-04-20 22:09:54,dev006,95.0,65.5,91.7,72.0
2024-04-20 22:09:54,dev005,95.49999999999999,65.5,91.6,72.0
2024-04-20 22:10:59,dev0012,93.0,64.7,90.7,70.0
2024-04-20 22:10:59,dev0016,94.93571428571428,64.7,92.0,70.0
2024-04-20 22:10:59,dev0017,96.625,64.8,91.7,70.0
2024-04-20 22:10:59,dev0010,96.15000000000002,65.1,95.6,70.0
2024-04-20 22:10:59,dev008,95.95000000000005,65.4,97.0,70.0
2024-04-20 22:10:59,dev001,95.80000000000004,65.5,97.0,70.0
2024-04-20 22:10:59,dev0015,95.80000000000004,65.5,96.7,69.0
2024-04-20 22:10:59,dev0018,93.75000000000004,65.4,95.8,71.0
2024-04-20 22:10:59,dev000,95.80000000000004,65.4,94.6,70.0
2024-04-20 22:10:59,dev007,95.80000000000004,65.4,92.0,70.0
2024-04-20 22:10:59,dev0019,95.80000000000004,65.4,91.9,70.0
2024-04-20 22:10:59,dev0013,93.99166666666666,65.4,91.4,70.0
2024-04-20 22:10:59,dev0011,93.49999999999999,65.4,90.4,70.0
2024-04-20 22:10:59,dev0014,92.80000000000003,65.5,90.8,70.0
2024-04-20 22:10:59,dev003,95.65416666666674,65.5,91.3,70.0
2024-04-20 22:10:59,dev009,95.80000000000004,65.6,90.3,69.0
2024-04-20 22:10:59,dev004,95.23333333333329,65.5,92.4,70.0
2024-04-20 22:10:59,dev006,94.5,65.5,90.7,70.0
2024-04-20 22:10:59,dev002,95.44999999999996,65.5,92.0,70.0
2024-04-20 22:10:59,dev005,95.11666666666665,65.5,91.8,70.0
2024-04-20 22:12:04,dev0017,96.4375,65.7,95.5,71.0
2024-04-20 22:12:04,dev0016,94.50714285714285,65.7,95.0,70.0
2024-04-20 22:12:04,dev0012,93.0,65.7,93.0,70.0
2024-04-20 22:12:04,dev008,95.95000000000005,65.3,93.1,70.0
2024-04-20 22:12:04,dev0010,96.15000000000002,65.4,92.8,70.0
2024-04-20 22:12:04,dev001,95.80000000000004,65.4,91.9,70.0
2024-04-20 22:12:04,dev000,95.80000000000004,65.4,92.9,70.0
2024-04-20 22:12:04,dev0015,95.80000000000004,64.9,92.6,70.0
2024-04-20 22:12:04,dev0018,93.15000000000005,64.9,92.1,70.0
2024-04-20 22:12:04,dev003,95.65416666666674,64.9,91.0,71.0
2024-04-20 22:12:04,dev0013,93.99166666666666,65.0,91.4,70.0
2024-04-20 22:12:04,dev0019,95.80000000000004,65.7,91.8,70.0
2024-04-20 22:12:04,dev0011,93.49999999999999,65.9,91.9,69.0
2024-04-20 22:12:04,dev0014,92.80000000000003,65.7,91.8,70.0
2024-04-20 22:12:04,dev009,95.80000000000004,65.6,91.3,70.0
2024-04-20 22:12:04,dev007,95.80000000000004,65.7,92.4,69.0
2024-04-20 22:12:04,dev004,94.79999999999995,65.7,91.3,71.0
2024-04-20 22:12:04,dev006,94.0,65.7,91.7,69.0
2024-04-20 22:12:04,dev002,95.44999999999996,65.7,91.0,69.0
2024-04-20 22:12:04,dev005,94.7333333333333,65.4,92.1,69.0
