2024-04-21 00:47:05,dev000,100,None,None,None
2024-04-21 00:47:05,dev001,100,None,None,None
2024-04-21 00:47:05,dev002,100,None,None,None
2024-04-21 00:47:05,dev003,100,None,None,None
2024-04-21 00:47:05,dev004,100,None,None,None
2024-04-21 00:47:05,dev005,100,None,None,None
2024-04-21 00:47:05,dev006,100,None,None,None
2024-04-21 00:47:05,dev007,100,None,None,None
2024-04-21 00:47:05,dev008,100,None,None,None
2024-04-21 00:47:05,dev009,100,None,None,None
2024-04-21 00:47:05,dev0010,100,None,None,None
2024-04-21 00:47:05,dev0011,100,None,None,None
2024-04-21 00:47:05,dev0012,100,None,None,None
2024-04-21 00:47:05,dev0013,100,None,None,None
2024-04-21 00:47:05,dev0014,100,None,None,None
2024-04-21 00:47:05,dev0015,100,None,None,None
2024-04-21 00:47:05,dev0016,100,None,None,None
2024-04-21 00:47:05,dev0017,100,None,None,None
2024-04-21 00:47:05,dev0018,100,None,None,None
2024-04-21 00:47:05,dev0019,100,None,None,None
2024-04-21 00:47:05,dev0020,100,None,None,None
2024-04-21 00:47:05,dev0021,100,None,None,None
2024-04-21 00:47:05,dev0022,100,None,None,None
2024-04-21 00:47:05,dev0023,100,None,None,None
2024-04-21 00:47:05,dev0024,100,None,None,None
2024-04-21 00:47:05,dev0025,100,None,None,None
2024-04-21 00:47:05,dev0026,100,None,None,None
2024-04-21 00:47:05,dev0027,100,None,None,None
2024-04-21 00:47:05,dev0028,100,None,None,None
2024-04-21 00:47:05,dev0029,100,None,None,None
2024-04-21 00:56:05,dev0018,100.0,48.2,92.4,68.0
2024-04-21 00:56:05,dev009,100.0,48.2,92.5,68.0
2024-04-21 00:56:05,dev0021,100.0,48.2,92.6,68.0
2024-04-21 00:56:05,dev005,100.0,48.1,93.2,67.0
2024-04-21 00:56:05,dev0017,100.0,48.2,92.3,69.0
2024-04-21 00:56:05,dev0013,100.0,48.2,91.3,69.0
2024-04-21 00:56:05,dev004,100.0,48.2,92.5,68.0
2024-04-21 00:56:05,dev0020,100.0,48.3,91.7,68.0
2024-04-21 00:56:05,dev003,100.0,48.2,93.8,69.0
2024-04-21 00:56:05,dev0016,100.0,48.2,94.0,69.0
2024-04-21 00:56:05,dev0026,100.0,48.2,93.7,68.0
2024-04-21 00:56:05,dev000,99.625,48.3,93.0,68.0
2024-04-21 00:56:05,dev0015,100.0,48.3,93.4,68.0
2024-04-21 00:56:05,dev008,100.0,48.3,92.3,68.0
2024-04-21 00:56:05,dev0025,100.0,48.3,92.9,69.0
2024-04-21 00:56:05,dev0029,100.0,48.6,94.1,68.0
2024-04-21 00:56:05,dev0027,100.0,49.1,96.2,68.0
2024-04-21 00:56:05,dev0023,100.0,49.2,96.3,68.0
2024-04-21 00:56:05,dev0012,100.0,49.5,93.6,69.0
2024-04-21 00:56:05,dev0024,100.0,49.6,94.9,69.0
2024-04-21 00:56:05,dev0019,100.0,49.4,93.5,68.0
2024-04-21 00:56:05,dev002,100.0,49.4,91.6,68.0
2024-04-21 00:56:05,dev0011,99.7,48.5,94.3,68.0
2024-04-21 00:56:05,dev006,100.0,48.5,91.8,68.0
2024-04-21 00:56:05,dev0022,100.0,48.5,90.9,68.0
2024-04-21 00:56:05,dev0028,100.0,48.8,92.6,68.0
2024-04-21 00:56:05,dev0010,99.575,48.6,93.2,69.0
2024-04-21 00:56:05,dev007,100.0,48.6,91.4,69.0
2024-04-21 00:56:05,dev0014,100.0,48.6,93.1,68.0
2024-04-21 00:56:05,dev001,99.5,48.7,92.8,69.0
2024-04-21 00:57:10,dev0021,100.0,49.7,91.7,68.0
2024-04-21 00:57:10,dev0018,100.0,49.5,92.4,69.0
2024-04-21 00:57:10,dev0017,100.0,49.6,91.7,68.0
2024-04-21 00:57:10,dev0020,100.0,49.8,93.8,68.0
2024-04-21 00:57:10,dev003,100.0,49.8,93.2,69.0
2024-04-21 00:57:10,dev0013,100.0,49.8,92.3,69.0
2024-04-21 00:57:10,dev009,100.0,49.9,91.4,68.0
2024-04-21 00:57:10,dev0016,100.0,49.8,92.8,69.0
2024-04-21 00:57:10,dev004,100.0,49.9,91.9,69.0
2024-04-21 00:57:10,dev005,100.0,50.0,92.5,68.0
2024-04-21 00:57:10,dev0026,100.0,50.1,92.8,68.0
2024-04-21 00:57:10,dev008,100.0,50.2,92.6,68.0
2024-04-21 00:57:10,dev000,99.25,50.2,91.9,69.0
2024-04-21 00:57:10,dev0023,100.0,50.2,91.4,69.0
2024-04-21 00:57:10,dev0027,100.0,50.2,91.7,69.0
2024-04-21 00:57:10,dev0025,100.0,50.8,95.0,69.0
2024-04-21 00:57:10,dev0029,100.0,50.3,93.0,69.0
2024-04-21 00:57:10,dev0015,100.0,50.5,93.1,67.0
2024-04-21 00:57:10,dev0011,99.4,50.7,92.3,69.0
2024-04-21 00:57:10,dev0012,100.0,50.7,94.2,69.0
2024-04-21 00:57:10,dev002,100.0,50.8,92.3,69.0
2024-04-21 00:57:10,dev0024,100.0,50.8,91.7,69.0
2024-04-21 00:57:10,dev0019,100.0,50.9,91.7,68.0
2024-04-21 00:57:10,dev0022,100.0,50.9,93.7,69.0
2024-04-21 00:57:10,dev006,100.0,51.6,92.8,69.0
2024-04-21 00:57:10,dev0028,100.0,52.8,96.8,68.0
2024-04-21 00:57:10,dev0010,99.15,52.6,95.2,69.0
2024-04-21 00:57:10,dev0014,100.0,52.7,94.0,68.0
2024-04-21 00:57:10,dev007,100.0,52.8,92.3,68.0
2024-04-21 00:57:10,dev001,99.0,52.8,92.9,69.0
2024-04-21 00:58:15,dev0013,100.0,54.2,91.6,69.0
2024-04-21 00:58:15,dev0020,100.0,54.2,91.2,69.0
2024-04-21 00:58:15,dev004,100.0,54.2,91.8,68.0
2024-04-21 00:58:15,dev009,100.0,54.4,92.2,68.0
2024-04-21 00:58:15,dev0017,100.0,54.4,92.1,69.0
2024-04-21 00:58:15,dev0021,100.0,54.4,91.4,69.0
2024-04-21 00:58:15,dev0018,100.0,54.4,92.7,67.0
2024-04-21 00:58:15,dev003,100.0,54.4,91.5,69.0
2024-04-21 00:58:15,dev0026,100.0,54.6,92.5,68.0
2024-04-21 00:58:15,dev0016,100.0,54.6,91.0,69.0
2024-04-21 00:58:15,dev0023,100.0,54.7,92.5,69.0
2024-04-21 00:58:15,dev0029,100.0,54.7,92.0,68.0
2024-04-21 00:58:15,dev005,100.0,54.7,93.3,69.0
2024-04-21 00:58:15,dev000,98.875,54.7,91.1,69.0
2024-04-21 00:58:15,dev0027,100.0,54.8,92.3,69.0
2024-04-21 00:58:15,dev0015,100.0,54.8,91.6,69.0
2024-04-21 00:58:15,dev008,100.0,54.8,93.0,68.0
2024-04-21 00:58:15,dev0025,100.0,54.7,91.2,68.0
2024-04-21 00:58:15,dev0011,99.10000000000001,54.9,91.3,68.0
2024-04-21 00:58:15,dev0012,100.0,54.9,91.2,68.0
2024-04-21 00:58:15,dev002,100.0,54.9,92.1,69.0
2024-04-21 00:58:15,dev0024,100.0,55.0,91.5,68.0
2024-04-21 00:58:15,dev0019,100.0,55.0,91.4,68.0
2024-04-21 00:58:15,dev0022,100.0,55.0,91.7,68.0
2024-04-21 00:58:15,dev006,100.0,55.1,92.9,68.0
2024-04-21 00:58:15,dev0028,100.0,55.2,91.7,68.0
2024-04-21 00:58:15,dev001,98.5,55.1,92.1,69.0
2024-04-21 00:58:15,dev0010,98.72500000000001,55.1,90.8,67.0
2024-04-21 00:58:15,dev007,100.0,55.2,92.4,67.0
2024-04-21 00:58:15,dev0014,100.0,55.2,91.5,68.0
2024-04-21 00:59:20,dev009,100.0,56.4,91.8,68.0
2024-04-21 00:59:20,dev004,100.0,56.5,92.0,68.0
2024-04-21 00:59:20,dev0020,100.0,56.4,91.5,68.0
2024-04-21 00:59:20,dev0018,100.0,56.6,91.8,69.0
2024-04-21 00:59:20,dev003,100.0,56.6,91.5,69.0
2024-04-21 00:59:20,dev0021,100.0,56.7,91.4,69.0
2024-04-21 00:59:20,dev0026,100.0,56.7,91.6,68.0
2024-04-21 00:59:20,dev0017,100.0,56.8,93.6,68.0
2024-04-21 00:59:20,dev0013,100.0,56.8,91.6,68.0
2024-04-21 00:59:20,dev0015,100.0,56.8,91.5,68.0
2024-04-21 00:59:20,dev0029,100.0,56.9,91.4,69.0
2024-04-21 00:59:20,dev005,100.0,56.8,92.7,68.0
2024-04-21 00:59:20,dev0016,100.0,56.9,91.3,68.0
2024-04-21 00:59:20,dev0027,100.0,56.9,91.2,68.0
2024-04-21 00:59:20,dev0025,100.0,56.9,91.1,69.0
2024-04-21 00:59:20,dev0023,100.0,56.9,92.9,69.0
2024-04-21 00:59:20,dev000,98.5,56.9,91.1,68.0
2024-04-21 00:59:20,dev008,100.0,56.7,91.4,68.0
2024-04-21 00:59:20,dev0012,100.0,56.8,91.3,68.0
2024-04-21 00:59:20,dev0011,98.80000000000001,57.0,93.2,68.0
2024-04-21 00:59:20,dev002,100.0,57.0,91.3,68.0
2024-04-21 00:59:20,dev0019,100.0,57.0,91.2,68.0
2024-04-21 00:59:20,dev006,100.0,57.0,91.1,68.0
2024-04-21 00:59:20,dev0024,100.0,57.0,92.4,69.0
2024-04-21 00:59:20,dev0022,100.0,57.1,91.2,69.0
2024-04-21 00:59:20,dev0028,100.0,57.2,91.5,69.0
2024-04-21 00:59:20,dev0010,98.30000000000001,57.2,90.6,69.0
2024-04-21 00:59:20,dev007,100.0,57.2,92.4,69.0
2024-04-21 00:59:20,dev001,98.0,57.2,91.2,68.0
2024-04-21 00:59:20,dev0014,100.0,57.1,92.3,69.0
2024-04-21 01:00:25,dev0021,100.0,58.4,91.0,69.0
2024-04-21 01:00:25,dev0026,100.0,58.4,92.1,68.0
2024-04-21 01:00:25,dev0017,100.0,58.8,94.5,68.0
2024-04-21 01:00:25,dev0018,100.0,59.2,94.2,68.0
2024-04-21 01:00:25,dev004,100.0,59.4,94.6,69.0
2024-04-21 01:00:25,dev0013,100.0,59.3,91.6,68.0
2024-04-21 01:00:25,dev0020,100.0,59.4,92.0,68.0
2024-04-21 01:00:25,dev009,100.0,59.4,91.0,68.0
2024-04-21 01:00:25,dev003,100.0,59.5,90.7,68.0
2024-04-21 01:00:25,dev0027,100.0,58.5,92.0,68.0
2024-04-21 01:00:25,dev0016,100.0,58.5,93.3,68.0
2024-04-21 01:00:25,dev0029,100.0,58.5,91.5,68.0
2024-04-21 01:00:25,dev0023,100.0,58.4,91.0,69.0
2024-04-21 01:00:25,dev0015,100.0,58.5,92.3,68.0
2024-04-21 01:00:25,dev000,98.125,58.6,92.2,69.0
2024-04-21 01:00:25,dev005,100.0,58.6,90.8,69.0
2024-04-21 01:00:25,dev0025,100.0,58.6,92.8,69.0
2024-04-21 01:00:25,dev008,100.0,58.6,91.0,68.0
2024-04-21 01:00:25,dev0011,98.50000000000001,59.0,91.3,68.0
2024-04-21 01:00:25,dev0024,100.0,58.9,90.7,69.0
2024-04-21 01:00:25,dev0019,100.0,58.7,93.2,68.0
2024-04-21 01:00:25,dev0012,100.0,58.7,91.8,69.0
2024-04-21 01:00:25,dev002,100.0,58.7,91.2,69.0
2024-04-21 01:00:25,dev006,100.0,58.7,91.7,69.0
2024-04-21 01:00:25,dev0022,100.0,58.8,91.7,68.0
2024-04-21 01:00:25,dev0028,100.0,59.0,91.0,68.0
2024-04-21 01:00:25,dev0010,97.87500000000001,59.0,91.8,69.0
2024-04-21 01:00:25,dev001,97.5,59.0,90.5,69.0
2024-04-21 01:00:25,dev007,100.0,59.0,91.4,69.0
2024-04-21 01:00:25,dev0014,100.0,59.1,91.1,69.0
2024-04-21 01:01:30,dev0021,100.0,59.9,91.8,70.0
2024-04-21 01:01:30,dev0026,100.0,60.0,90.8,69.0
2024-04-21 01:01:30,dev0017,100.0,60.0,91.0,68.0
2024-04-21 01:01:30,dev004,100.0,60.1,91.5,68.0
2024-04-21 01:01:30,dev0013,100.0,60.1,91.0,69.0
2024-04-21 01:01:30,dev009,100.0,60.1,90.4,69.0
2024-04-21 01:01:30,dev0020,100.0,60.2,91.3,69.0
2024-04-21 01:01:30,dev003,100.0,60.2,91.7,69.0
2024-04-21 01:01:30,dev005,100.0,60.2,90.6,69.0
2024-04-21 01:01:30,dev0023,100.0,60.1,90.4,69.0
2024-04-21 01:01:30,dev0016,100.0,60.2,91.1,68.0
2024-04-21 01:01:30,dev0018,100.0,60.2,91.9,69.0
2024-04-21 01:01:30,dev000,97.75,60.2,91.1,69.0
2024-04-21 01:01:30,dev0029,100.0,60.2,91.2,69.0
2024-04-21 01:01:30,dev0015,100.0,60.2,91.1,69.0
2024-04-21 01:01:30,dev0027,100.0,60.2,92.2,69.0
2024-04-21 01:01:30,dev0025,100.0,60.1,90.6,68.0
2024-04-21 01:01:30,dev008,100.0,60.2,93.3,69.0
2024-04-21 01:01:30,dev0024,100.0,60.3,92.0,68.0
2024-04-21 01:01:30,dev0011,98.20000000000002,60.5,92.6,69.0
2024-04-21 01:01:30,dev0012,100.0,60.5,92.1,68.0
2024-04-21 01:01:30,dev0019,100.0,60.5,91.5,69.0
2024-04-21 01:01:30,dev0022,100.0,60.5,90.2,69.0
2024-04-21 01:01:30,dev002,100.0,60.6,92.4,69.0
2024-04-21 01:01:30,dev0028,100.0,60.7,91.2,69.0
2024-04-21 01:01:30,dev006,100.0,60.7,91.5,69.0
2024-04-21 01:01:30,dev0010,97.45000000000002,60.7,91.0,69.0
2024-04-21 01:01:30,dev001,97.0,60.7,92.6,69.0
2024-04-21 01:01:30,dev007,100.0,60.7,91.1,69.0
2024-04-21 01:01:30,dev0014,100.0,60.7,92.1,69.0
2024-04-21 01:02:35,dev004,100.0,61.7,93.2,68.0
2024-04-21 01:02:35,dev003,100.0,61.5,91.1,68.0
2024-04-21 01:02:35,dev0026,100.0,61.6,92.3,68.0
2024-04-21 01:02:35,dev0017,100.0,61.6,91.7,69.0
2024-04-21 01:02:35,dev0021,100.0,61.8,91.5,69.0
2024-04-21 01:02:35,dev009,100.0,61.7,91.4,69.0
2024-04-21 01:02:35,dev0013,100.0,61.8,92.0,68.0
2024-04-21 01:02:35,dev0020,100.0,61.7,91.2,69.0
2024-04-21 01:02:35,dev000,97.375,61.8,92.2,68.0
2024-04-21 01:02:35,dev0015,100.0,61.8,92.1,69.0
2024-04-21 01:02:35,dev0018,100.0,61.9,91.2,69.0
2024-04-21 01:02:35,dev0023,100.0,61.9,92.3,70.0
2024-04-21 01:02:35,dev0029,100.0,61.9,92.1,69.0
2024-04-21 01:02:35,dev008,100.0,61.9,91.2,69.0
2024-04-21 01:02:35,dev0027,100.0,61.8,92.5,70.0
2024-04-21 01:02:35,dev0016,100.0,61.9,91.5,69.0
2024-04-21 01:02:35,dev0025,100.0,62.0,91.8,69.0
2024-04-21 01:02:35,dev005,100.0,62.0,91.6,69.0
2024-04-21 01:02:35,dev0012,100.0,62.3,91.4,69.0
2024-04-21 01:02:35,dev0024,100.0,62.1,91.8,69.0
2024-04-21 01:02:35,dev0011,97.90000000000002,62.1,92.2,68.0
2024-04-21 01:02:35,dev0028,100.0,62.1,91.1,69.0
2024-04-21 01:02:35,dev002,100.0,62.1,90.9,68.0
2024-04-21 01:02:35,dev0019,100.0,62.1,91.2,69.0
2024-04-21 01:02:35,dev0022,100.0,62.1,92.2,69.0
2024-04-21 01:02:35,dev006,100.0,62.3,92.0,71.0
2024-04-21 01:02:35,dev0010,97.02500000000002,62.2,91.3,69.0
2024-04-21 01:02:35,dev007,100.0,62.2,92.0,69.0
2024-04-21 01:02:35,dev0014,100.0,62.2,92.6,69.0
2024-04-21 01:02:35,dev001,96.5,62.2,92.0,69.0
2024-04-21 01:04:11,dev008,100.0,62.8,92.2,70.0
2024-04-21 01:04:11,dev0015,99.5,62.7,91.9,69.0
2024-04-21 01:04:11,dev0016,100.0,62.8,91.2,70.0
2024-04-21 01:04:11,dev0026,100.0,62.8,90.7,71.0
2024-04-21 01:04:11,dev001,96.5,62.8,92.8,69.0
2024-04-21 01:04:11,dev0025,100.0,62.9,90.9,69.0
2024-04-21 01:04:11,dev004,100.0,62.9,92.4,69.0
2024-04-21 01:04:11,dev0027,100.0,62.9,90.9,70.0
2024-04-21 01:04:11,dev0024,100.0,62.9,91.1,69.0
2024-04-21 01:04:11,dev0020,100.0,62.9,91.8,70.0
2024-04-21 01:04:11,dev009,100.0,62.9,92.8,69.0
2024-04-21 01:04:11,dev006,100.0,62.9,91.6,70.0
2024-04-21 01:04:11,dev007,100.0,62.9,92.6,69.0
2024-04-21 01:04:11,dev0022,100.0,62.9,92.6,69.0
2024-04-21 01:04:11,dev0018,100.0,63.0,91.5,70.0
2024-04-21 01:04:11,dev0023,100.0,62.9,90.8,69.0
2024-04-21 01:04:11,dev0017,100.0,62.9,92.2,69.0
2024-04-21 01:04:11,dev0014,99.5,63.0,90.8,69.0
2024-04-21 01:04:11,dev0010,97.02500000000002,63.0,91.4,69.0
2024-04-21 01:04:11,dev0028,100.0,63.0,91.0,69.0
2024-04-21 01:04:11,dev0021,100.0,63.0,92.2,69.0
2024-04-21 01:04:11,dev0019,100.0,62.9,91.5,71.0
2024-04-21 01:04:11,dev002,100.0,63.2,92.5,70.0
2024-04-21 01:04:11,dev005,100.0,63.0,91.2,70.0
2024-04-21 01:04:11,dev0011,97.90000000000002,63.0,92.7,69.0
2024-04-21 01:04:11,dev0013,99.61666666666666,63.1,92.6,71.0
2024-04-21 01:04:11,dev0029,100.0,63.1,92.7,70.0
2024-04-21 01:04:11,dev000,97.375,63.0,91.3,69.0
2024-04-21 01:04:11,dev003,100.0,63.0,92.8,70.0
2024-04-21 01:04:11,dev0012,99.625,63.2,91.0,71.0
2024-04-21 01:05:16,dev0015,99.0,63.6,92.6,69.0
2024-04-21 01:05:16,dev008,100.0,63.6,92.1,69.0
2024-04-21 01:05:16,dev004,100.0,63.7,91.4,69.0
2024-04-21 01:05:16,dev0026,100.0,63.7,90.9,69.0
2024-04-21 01:05:16,dev001,96.5,63.7,91.5,71.0
2024-04-21 01:05:16,dev0016,100.0,63.7,92.6,69.0
2024-04-21 01:05:16,dev0024,100.0,63.7,90.9,69.0
2024-04-21 01:05:16,dev009,100.0,63.8,91.9,69.0
2024-04-21 01:05:16,dev0020,100.0,63.5,91.1,69.0
2024-04-21 01:05:16,dev0025,100.0,63.7,90.6,69.0
2024-04-21 01:05:16,dev0027,100.0,63.7,92.2,69.0
2024-04-21 01:05:16,dev006,100.0,63.7,92.4,70.0
2024-04-21 01:05:16,dev007,100.0,63.7,90.5,68.0
2024-04-21 01:05:16,dev0023,100.0,63.7,90.3,69.0
2024-04-21 01:05:16,dev0014,99.0,63.7,91.7,69.0
2024-04-21 01:05:16,dev0017,100.0,63.7,92.4,71.0
2024-04-21 01:05:16,dev0022,100.0,63.7,91.2,70.0
2024-04-21 01:05:16,dev0018,100.0,63.8,90.8,69.0
2024-04-21 01:05:16,dev0010,97.02500000000002,63.6,90.2,69.0
2024-04-21 01:05:16,dev0028,100.0,63.6,92.0,70.0
2024-04-21 01:05:16,dev0019,100.0,63.6,90.6,71.0
2024-04-21 01:05:16,dev005,100.0,63.6,91.0,70.0
2024-04-21 01:05:16,dev0013,99.23333333333332,63.7,90.7,70.0
2024-04-21 01:05:16,dev0021,100.0,63.7,94.2,69.0
2024-04-21 01:05:16,dev002,100.0,63.7,90.7,69.0
2024-04-21 01:05:16,dev0029,100.0,63.7,91.2,68.0
2024-04-21 01:05:16,dev0011,97.90000000000002,63.8,91.2,70.0
2024-04-21 01:05:16,dev000,97.375,63.8,92.0,69.0
2024-04-21 01:05:16,dev003,100.0,63.8,90.9,70.0
2024-04-21 01:05:16,dev0012,99.25,63.7,92.3,69.0
2024-04-21 01:06:21,dev0015,98.5,64.0,91.8,69.0
2024-04-21 01:06:21,dev0016,100.0,63.6,92.9,69.0
2024-04-21 01:06:21,dev008,100.0,63.5,92.4,69.0
2024-04-21 01:06:21,dev0024,100.0,63.6,90.3,69.0
2024-04-21 01:06:21,dev001,96.5,63.5,90.6,69.0
2024-04-21 01:06:21,dev004,100.0,64.2,91.9,69.0
2024-04-21 01:06:21,dev0026,100.0,63.6,92.3,68.0
2024-04-21 01:06:21,dev0020,100.0,63.6,91.4,69.0
2024-04-21 01:06:21,dev0027,100.0,63.4,92.7,69.0
2024-04-21 01:06:21,dev0025,100.0,63.4,91.1,69.0
2024-04-21 01:06:21,dev009,100.0,63.5,91.2,69.0
2024-04-21 01:06:21,dev006,100.0,63.4,91.2,69.0
2024-04-21 01:06:21,dev0014,98.5,63.4,92.9,69.0
2024-04-21 01:06:21,dev0028,100.0,63.4,91.6,71.0
2024-04-21 01:06:21,dev0017,100.0,63.4,91.0,69.0
2024-04-21 01:06:21,dev0018,100.0,63.4,91.4,69.0
2024-04-21 01:06:21,dev007,100.0,63.5,92.7,69.0
2024-04-21 01:06:21,dev0023,100.0,63.5,91.0,68.0
2024-04-21 01:06:21,dev0010,97.02500000000002,63.4,90.6,68.0
2024-04-21 01:06:21,dev0022,100.0,63.4,91.0,69.0
2024-04-21 01:06:21,dev002,100.0,63.4,93.2,69.0
2024-04-21 01:06:21,dev0019,100.0,63.4,91.2,69.0
2024-04-21 01:06:21,dev005,100.0,63.5,91.9,69.0
2024-04-21 01:06:21,dev0013,98.84999999999998,63.5,91.0,69.0
2024-04-21 01:06:21,dev0021,100.0,63.5,91.2,69.0
2024-04-21 01:06:21,dev0029,100.0,63.5,91.9,69.0
2024-04-21 01:06:21,dev0011,97.90000000000002,63.4,93.2,69.0
2024-04-21 01:06:21,dev003,100.0,63.5,92.0,69.0
2024-04-21 01:06:21,dev0012,98.875,63.5,90.7,69.0
2024-04-21 01:06:21,dev000,97.375,63.4,90.8,69.0
2024-04-21 01:07:26,dev0015,98.0,63.4,93.4,69.0
2024-04-21 01:07:26,dev0024,100.0,63.4,91.9,69.0
2024-04-21 01:07:26,dev0026,100.0,63.3,91.1,69.0
2024-04-21 01:07:26,dev001,96.5,63.4,91.5,69.0
2024-04-21 01:07:26,dev0016,100.0,63.3,91.2,70.0
2024-04-21 01:07:26,dev004,100.0,63.4,92.4,69.0
2024-04-21 01:07:26,dev008,100.0,63.4,91.1,69.0
2024-04-21 01:07:26,dev0020,100.0,63.4,92.4,69.0
2024-04-21 01:07:26,dev0027,100.0,63.4,91.7,69.0
2024-04-21 01:07:26,dev009,100.0,63.3,91.8,69.0
2024-04-21 01:07:26,dev0025,100.0,63.4,91.2,70.0
2024-04-21 01:07:26,dev0017,100.0,63.4,92.2,70.0
2024-04-21 01:07:26,dev007,100.0,63.4,91.3,69.0
2024-04-21 01:07:26,dev006,100.0,63.4,92.5,70.0
2024-04-21 01:07:26,dev0018,100.0,63.4,90.6,70.0
2024-04-21 01:07:26,dev0028,100.0,63.5,91.0,68.0
2024-04-21 01:07:26,dev0014,98.0,63.4,90.9,70.0
2024-04-21 01:07:26,dev0023,100.0,63.4,92.6,69.0
2024-04-21 01:07:26,dev005,100.0,63.4,91.5,69.0
2024-04-21 01:07:26,dev0019,100.0,63.4,91.2,69.0
2024-04-21 01:07:26,dev002,100.0,63.4,90.8,69.0
2024-04-21 01:07:26,dev0022,100.0,63.4,91.9,70.0
2024-04-21 01:07:26,dev0013,98.46666666666664,63.4,92.1,70.0
2024-04-21 01:07:26,dev0010,97.02500000000002,63.4,92.4,69.0
2024-04-21 01:07:26,dev0021,100.0,63.3,91.5,69.0
2024-04-21 01:07:26,dev000,97.375,63.4,92.7,70.0
2024-04-21 01:07:26,dev0012,98.5,63.4,91.1,69.0
2024-04-21 01:07:26,dev0011,97.90000000000002,63.4,93.5,70.0
2024-04-21 01:07:26,dev003,100.0,63.4,90.9,69.0
2024-04-21 01:07:26,dev0029,100.0,63.4,91.5,69.0
2024-04-21 01:08:31,dev0015,97.5,63.6,92.5,69.0
2024-04-21 01:08:31,dev001,96.5,63.6,92.1,69.0
2024-04-21 01:08:31,dev0026,100.0,63.6,91.8,69.0
2024-04-21 01:08:31,dev004,100.0,63.6,91.2,69.0
2024-04-21 01:08:31,dev008,100.0,63.6,91.2,69.0
2024-04-21 01:08:31,dev0024,100.0,63.5,90.9,71.0
2024-04-21 01:08:31,dev0016,100.0,63.5,91.6,69.0
2024-04-21 01:08:31,dev0027,100.0,63.6,91.4,69.0
2024-04-21 01:08:31,dev009,100.0,63.6,91.5,69.0
2024-04-21 01:08:31,dev0020,100.0,63.6,91.1,70.0
2024-04-21 01:08:31,dev0025,100.0,63.7,90.9,69.0
2024-04-21 01:08:31,dev0017,100.0,63.7,90.6,69.0
2024-04-21 01:08:31,dev0014,97.5,63.5,90.9,70.0
2024-04-21 01:08:31,dev007,100.0,63.5,90.4,70.0
2024-04-21 01:08:31,dev0028,100.0,63.5,93.3,69.0
2024-04-21 01:08:31,dev006,100.0,63.5,92.3,69.0
2024-04-21 01:08:31,dev0018,100.0,63.5,91.8,69.0
2024-04-21 01:08:31,dev0022,100.0,63.6,90.9,70.0
2024-04-21 01:08:31,dev0021,100.0,63.5,90.4,69.0
2024-04-21 01:08:31,dev0019,100.0,63.6,90.6,69.0
2024-04-21 01:08:31,dev005,100.0,63.5,92.6,69.0
2024-04-21 01:08:31,dev0023,100.0,63.5,91.8,69.0
2024-04-21 01:08:31,dev0013,98.0833333333333,63.5,90.6,69.0
2024-04-21 01:08:31,dev0010,97.02500000000002,63.5,90.4,69.0
2024-04-21 01:08:31,dev000,97.375,63.6,92.4,69.0
2024-04-21 01:08:31,dev0011,97.90000000000002,63.6,91.6,70.0
2024-04-21 01:08:31,dev003,100.0,63.5,92.6,69.0
2024-04-21 01:08:31,dev002,100.0,63.6,91.6,69.0
2024-04-21 01:08:31,dev0012,98.125,63.6,92.6,69.0
2024-04-21 01:08:31,dev0029,100.0,63.6,92.9,69.0
2024-04-21 01:09:36,dev0015,97.0,63.9,91.0,70.0
2024-04-21 01:09:36,dev008,100.0,63.8,92.2,69.0
2024-04-21 01:09:36,dev004,100.0,63.8,91.3,69.0
2024-04-21 01:09:36,dev0024,100.0,63.8,91.8,69.0
2024-04-21 01:09:36,dev0026,100.0,63.8,90.9,70.0
2024-04-21 01:09:36,dev0016,100.0,63.8,92.7,69.0
2024-04-21 01:09:36,dev001,96.5,63.8,92.1,69.0
2024-04-21 01:09:36,dev0025,100.0,63.8,93.7,68.0
2024-04-21 01:09:36,dev0027,100.0,63.9,91.3,69.0
2024-04-21 01:09:36,dev009,100.0,63.9,92.2,69.0
2024-04-21 01:09:36,dev0020,100.0,63.9,91.1,69.0
2024-04-21 01:09:36,dev0014,97.0,63.9,91.3,70.0
2024-04-21 01:09:36,dev0017,100.0,63.9,90.6,71.0
2024-04-21 01:09:36,dev0028,100.0,63.9,91.1,70.0
2024-04-21 01:09:36,dev007,100.0,63.9,91.1,69.0
2024-04-21 01:09:36,dev006,100.0,64.0,92.3,69.0
2024-04-21 01:09:36,dev0021,100.0,63.9,91.6,69.0
2024-04-21 01:09:36,dev0019,100.0,63.9,90.9,69.0
2024-04-21 01:09:36,dev0010,97.02500000000002,63.9,91.2,69.0
2024-04-21 01:09:36,dev005,100.0,63.9,92.4,69.0
2024-04-21 01:09:36,dev0013,97.69999999999996,63.9,90.7,69.0
2024-04-21 01:09:36,dev0023,100.0,64.0,91.4,69.0
2024-04-21 01:09:36,dev0022,100.0,64.2,91.1,69.0
2024-04-21 01:09:36,dev0018,100.0,64.0,91.7,69.0
2024-04-21 01:09:36,dev003,100.0,64.0,91.1,69.0
2024-04-21 01:09:36,dev0012,97.75,64.1,92.5,70.0
2024-04-21 01:09:36,dev0011,97.90000000000002,64.0,91.1,69.0
2024-04-21 01:09:36,dev000,97.375,64.0,91.5,69.0
2024-04-21 01:09:36,dev002,100.0,64.0,91.2,69.0
2024-04-21 01:09:36,dev0029,100.0,64.0,92.9,69.0
2024-04-21 01:10:41,dev0015,96.5,65.1,89.9,69.0
2024-04-21 01:10:41,dev0026,100.0,65.1,90.8,69.0
2024-04-21 01:10:41,dev004,100.0,65.1,92.4,69.0
2024-04-21 01:10:41,dev0024,100.0,65.0,92.5,70.0
2024-04-21 01:10:41,dev008,100.0,65.0,92.0,69.0
2024-04-21 01:10:41,dev0016,100.0,65.0,90.8,69.0
2024-04-21 01:10:41,dev001,96.5,65.1,90.8,68.0
2024-04-21 01:10:41,dev0025,100.0,65.1,90.7,69.0
2024-04-21 01:10:41,dev0027,100.0,65.2,91.9,69.0
2024-04-21 01:10:41,dev009,100.0,65.1,90.7,70.0
2024-04-21 01:10:41,dev0017,100.0,65.2,91.6,68.0
2024-04-21 01:10:41,dev0020,100.0,65.2,91.1,69.0
2024-04-21 01:10:41,dev007,100.0,65.2,91.4,69.0
2024-04-21 01:10:41,dev0028,100.0,65.1,91.5,69.0
2024-04-21 01:10:41,dev006,100.0,65.0,91.9,69.0
2024-04-21 01:10:41,dev0014,96.5,65.1,90.6,69.0
2024-04-21 01:10:41,dev0023,100.0,65.2,90.6,69.0
2024-04-21 01:10:41,dev0021,100.0,65.2,90.4,69.0
2024-04-21 01:10:41,dev0019,100.0,65.2,91.8,68.0
2024-04-21 01:10:41,dev0013,97.31666666666662,65.2,91.0,69.0
2024-04-21 01:10:41,dev0010,97.02500000000002,65.5,94.5,69.0
2024-04-21 01:10:41,dev005,100.0,65.8,95.4,69.0
2024-04-21 01:10:41,dev0018,100.0,66.1,96.3,70.0
2024-04-21 01:10:41,dev0022,100.0,66.1,93.7,69.0
2024-04-21 01:10:41,dev003,100.0,66.1,93.2,69.0
2024-04-21 01:10:41,dev0012,97.375,66.0,91.8,69.0
2024-04-21 01:10:41,dev000,97.375,65.8,91.8,69.0
2024-04-21 01:10:41,dev002,100.0,65.8,91.8,69.0
2024-04-21 01:10:41,dev0011,97.90000000000002,65.8,92.5,69.0
2024-04-21 01:10:41,dev0029,100.0,65.9,91.2,69.0
2024-04-21 01:12:17,dev0019,100.0,64.6,92.0,69.0
2024-04-21 01:12:17,dev0021,100.0,64.5,91.3,69.0
2024-04-21 01:12:17,dev0029,100.0,64.6,91.9,69.0
2024-04-21 01:12:17,dev002,100.0,64.5,91.2,70.0
2024-04-21 01:12:17,dev0020,100.0,64.5,91.6,68.0
2024-04-21 01:12:17,dev0024,100.0,64.6,91.3,70.0
2024-04-21 01:12:17,dev0018,99.45,64.6,90.8,69.0
2024-04-21 01:12:17,dev003,100.0,64.6,91.7,68.0
2024-04-21 01:12:17,dev006,100.0,64.6,91.7,70.0
2024-04-21 01:12:17,dev0017,99.5,64.6,91.1,69.0
2024-04-21 01:12:17,dev008,100.0,64.6,92.0,70.0
2024-04-21 01:12:17,dev005,100.0,64.6,90.7,69.0
2024-04-21 01:12:17,dev0028,100.0,64.7,92.4,70.0
2024-04-21 01:12:17,dev0027,100.0,64.7,91.1,69.0
2024-04-21 01:12:17,dev0015,96.5,64.7,92.0,69.0
2024-04-21 01:12:17,dev0013,97.31666666666662,64.6,90.7,69.0
2024-04-21 01:12:17,dev0026,100.0,64.6,91.1,69.0
2024-04-21 01:12:17,dev001,96.5,64.7,91.4,69.0
2024-04-21 01:12:17,dev004,100.0,64.6,92.7,70.0
2024-04-21 01:12:17,dev0023,100.0,64.7,91.2,70.0
2024-04-21 01:12:17,dev0014,96.5,64.7,90.9,70.0
2024-04-21 01:12:17,dev009,100.0,64.7,90.8,70.0
2024-04-21 01:12:17,dev0011,97.90000000000002,64.7,93.4,70.0
2024-04-21 01:12:17,dev0016,99.66666666666667,64.8,91.0,69.0
2024-04-21 01:12:17,dev0012,97.375,64.6,90.9,69.0
2024-04-21 01:12:17,dev007,100.0,64.6,91.1,69.0
2024-04-21 01:12:17,dev0010,97.02500000000002,64.7,92.8,70.0
2024-04-21 01:12:17,dev0025,100.0,64.6,91.3,69.0
2024-04-21 01:12:17,dev0022,100.0,64.7,92.0,70.0
2024-04-21 01:12:17,dev000,97.375,64.8,91.2,69.0
2024-04-21 01:13:22,dev002,100.0,65.1,92.2,69.0
2024-04-21 01:13:22,dev0021,100.0,65.1,92.7,70.0
2024-04-21 01:13:22,dev0029,100.0,65.1,92.6,68.0
2024-04-21 01:13:22,dev0020,100.0,65.1,91.6,69.0
2024-04-21 01:13:22,dev0024,100.0,65.1,91.0,69.0
2024-04-21 01:13:22,dev0019,100.0,65.2,92.8,69.0
2024-04-21 01:13:22,dev0018,98.9,65.2,91.4,69.0
2024-04-21 01:13:22,dev008,100.0,65.2,91.2,70.0
2024-04-21 01:13:22,dev0017,99.0,65.1,91.7,70.0
2024-04-21 01:13:22,dev003,100.0,65.1,93.0,70.0
2024-04-21 01:13:22,dev005,100.0,65.2,90.7,71.0
2024-04-21 01:13:22,dev006,100.0,65.2,91.7,70.0
2024-04-21 01:13:22,dev0027,100.0,65.2,91.3,70.0
2024-04-21 01:13:22,dev0013,97.31666666666662,65.3,92.5,69.0
2024-04-21 01:13:22,dev0028,100.0,65.3,90.8,69.0
2024-04-21 01:13:22,dev0015,96.5,65.3,91.8,69.0
2024-04-21 01:13:22,dev001,96.5,65.3,91.0,69.0
2024-04-21 01:13:22,dev0014,96.5,65.3,91.3,69.0
2024-04-21 01:13:22,dev0026,100.0,65.3,91.3,70.0
2024-04-21 01:13:22,dev0023,100.0,65.4,92.5,69.0
2024-04-21 01:13:22,dev004,100.0,65.4,90.6,69.0
2024-04-21 01:13:22,dev009,100.0,65.4,92.0,70.0
2024-04-21 01:13:22,dev0012,97.375,65.4,91.3,69.0
2024-04-21 01:13:22,dev0011,97.90000000000002,65.5,91.1,69.0
2024-04-21 01:13:22,dev000,97.375,65.5,92.1,70.0
2024-04-21 01:13:22,dev007,100.0,65.4,92.9,69.0
2024-04-21 01:13:22,dev0025,100.0,65.4,91.5,70.0
2024-04-21 01:13:22,dev0016,99.33333333333334,65.4,91.2,70.0
2024-04-21 01:13:22,dev0010,97.02500000000002,65.5,91.0,69.0
2024-04-21 01:13:22,dev0022,100.0,65.6,93.0,71.0
2024-04-21 01:14:27,dev0021,100.0,65.8,92.1,69.0
2024-04-21 01:14:27,dev002,100.0,65.8,91.4,70.0
2024-04-21 01:14:27,dev0018,98.35000000000001,65.8,90.8,71.0
2024-04-21 01:14:27,dev0029,100.0,65.9,90.8,69.0
2024-04-21 01:14:27,dev0019,100.0,65.9,92.7,70.0
2024-04-21 01:14:27,dev0020,100.0,66.0,91.1,69.0
2024-04-21 01:14:27,dev0024,100.0,66.0,92.1,70.0
2024-04-21 01:14:27,dev005,100.0,66.0,92.5,69.0
2024-04-21 01:14:27,dev008,100.0,66.0,92.6,70.0
2024-04-21 01:14:27,dev003,100.0,66.1,91.1,70.0
2024-04-21 01:14:27,dev0017,98.5,66.0,92.7,70.0
2024-04-21 01:14:27,dev006,100.0,66.0,91.0,71.0
2024-04-21 01:14:27,dev0028,100.0,66.0,91.3,69.0
2024-04-21 01:14:27,dev0013,97.31666666666662,66.1,90.9,69.0
2024-04-21 01:14:27,dev0015,96.5,66.1,92.0,69.0
2024-04-21 01:14:27,dev0027,100.0,66.1,91.3,69.0
2024-04-21 01:14:27,dev0026,100.0,66.1,91.3,70.0
2024-04-21 01:14:27,dev001,96.5,66.1,91.2,69.0
2024-04-21 01:14:27,dev0014,96.5,66.1,93.0,69.0
2024-04-21 01:14:27,dev0023,100.0,66.0,91.1,70.0
2024-04-21 01:14:27,dev007,100.0,66.0,91.5,70.0
2024-04-21 01:14:27,dev0025,100.0,66.0,91.7,69.0
2024-04-21 01:14:27,dev0011,97.90000000000002,66.0,92.5,70.0
2024-04-21 01:14:27,dev0012,97.375,66.1,91.6,69.0
2024-04-21 01:14:27,dev000,97.375,66.1,92.0,69.0
2024-04-21 01:14:27,dev0010,97.02500000000002,66.1,91.8,69.0
2024-04-21 01:14:27,dev009,100.0,66.1,92.5,69.0
2024-04-21 01:14:27,dev0016,99.00000000000001,66.1,91.8,70.0
2024-04-21 01:14:27,dev004,100.0,66.1,91.0,69.0
2024-04-21 01:14:27,dev0022,100.0,66.1,92.0,69.0
2024-04-21 01:15:32,dev002,100.0,66.6,92.1,69.0
2024-04-21 01:15:32,dev0021,100.0,66.6,92.6,69.0
2024-04-21 01:15:32,dev0029,100.0,66.6,91.1,69.0
2024-04-21 01:15:32,dev0020,100.0,66.7,92.3,69.0
2024-04-21 01:15:32,dev0019,100.0,66.7,91.2,70.0
2024-04-21 01:15:32,dev0018,97.80000000000001,66.7,91.7,71.0
2024-04-21 01:15:32,dev0017,98.0,66.7,91.5,69.0
2024-04-21 01:15:32,dev005,100.0,66.7,92.8,69.0
2024-04-21 01:15:32,dev0024,100.0,66.7,94.1,70.0
2024-04-21 01:15:32,dev006,100.0,66.7,91.1,69.0
2024-04-21 01:15:32,dev008,100.0,66.8,91.5,69.0
2024-04-21 01:15:32,dev003,100.0,66.8,92.9,69.0
2024-04-21 01:15:32,dev0027,100.0,66.6,92.1,70.0
2024-04-21 01:15:32,dev0028,100.0,66.6,92.7,71.0
2024-04-21 01:15:32,dev0015,96.5,66.6,91.2,69.0
2024-04-21 01:15:32,dev0013,97.31666666666662,66.7,92.3,70.0
2024-04-21 01:15:32,dev0014,96.5,66.7,93.5,69.0
2024-04-21 01:15:32,dev001,96.5,66.8,91.9,69.0
2024-04-21 01:15:32,dev0026,100.0,66.8,91.3,70.0
2024-04-21 01:15:32,dev0023,100.0,66.7,92.6,71.0
2024-04-21 01:15:32,dev0025,100.0,66.8,92.3,70.0
2024-04-21 01:15:32,dev0011,97.90000000000002,66.8,91.1,70.0
2024-04-21 01:15:32,dev0012,97.375,66.8,91.2,70.0
2024-04-21 01:15:32,dev0016,98.66666666666669,66.9,92.4,70.0
2024-04-21 01:15:32,dev007,100.0,66.9,91.1,70.0
2024-04-21 01:15:32,dev004,100.0,66.9,91.9,70.0
2024-04-21 01:15:32,dev0010,97.02500000000002,66.9,90.8,70.0
2024-04-21 01:15:32,dev000,97.375,66.9,92.7,70.0
2024-04-21 01:15:32,dev009,100.0,67.0,92.2,70.0
2024-04-21 01:15:32,dev0022,100.0,67.0,91.3,71.0
2024-04-21 01:16:37,dev0018,97.25000000000001,68.0,95.7,69.0
2024-04-21 01:16:37,dev002,100.0,68.2,94.1,70.0
2024-04-21 01:16:37,dev0021,100.0,68.3,92.5,69.0
2024-04-21 01:16:37,dev0029,100.0,68.3,91.7,71.0
2024-04-21 01:16:37,dev0020,100.0,68.3,92.4,69.0
2024-04-21 01:16:37,dev0019,100.0,68.4,90.5,70.0
2024-04-21 01:16:37,dev005,100.0,67.5,93.1,69.0
2024-04-21 01:16:37,dev0017,97.5,67.5,90.6,69.0
2024-04-21 01:16:37,dev0024,100.0,67.5,92.8,70.0
2024-04-21 01:16:37,dev006,100.0,67.6,91.2,70.0
2024-04-21 01:16:37,dev008,100.0,67.6,93.2,69.0
2024-04-21 01:16:37,dev003,100.0,67.6,91.5,71.0
2024-04-21 01:16:37,dev0028,100.0,67.6,91.3,71.0
2024-04-21 01:16:37,dev0027,100.0,67.5,91.4,70.0
2024-04-21 01:16:37,dev0013,97.31666666666662,67.6,92.0,70.0
2024-04-21 01:16:37,dev0015,96.5,67.6,91.8,71.0
2024-04-21 01:16:37,dev001,96.5,67.6,92.8,70.0
2024-04-21 01:16:37,dev0026,100.0,67.6,91.4,69.0
2024-04-21 01:16:37,dev0014,96.5,67.6,91.4,69.0
2024-04-21 01:16:37,dev0023,100.0,67.7,91.3,70.0
2024-04-21 01:16:37,dev0011,97.90000000000002,67.7,93.3,70.0
2024-04-21 01:16:37,dev0025,100.0,67.5,91.6,69.0
2024-04-21 01:16:37,dev007,100.0,67.5,90.2,69.0
2024-04-21 01:16:37,dev0012,97.375,67.5,91.1,69.0
2024-04-21 01:16:37,dev009,100.0,67.5,91.9,70.0
2024-04-21 01:16:37,dev0010,97.02500000000002,67.5,91.5,70.0
2024-04-21 01:16:37,dev0016,98.33333333333336,67.7,92.7,69.0
2024-04-21 01:16:37,dev000,97.375,67.8,90.8,70.0
2024-04-21 01:16:37,dev004,100.0,67.8,91.7,70.0
2024-04-21 01:16:37,dev0022,100.0,67.7,91.4,69.0
2024-04-21 01:17:42,dev0018,96.70000000000002,67.5,91.9,70.0
2024-04-21 01:17:42,dev002,100.0,67.4,90.7,70.0
2024-04-21 01:17:42,dev0020,100.0,67.5,92.0,70.0
2024-04-21 01:17:42,dev0021,100.0,67.5,92.1,70.0
2024-04-21 01:17:42,dev0029,100.0,67.5,91.6,70.0
2024-04-21 01:17:42,dev005,100.0,67.5,92.0,70.0
2024-04-21 01:17:42,dev0024,100.0,67.5,91.0,70.0
2024-04-21 01:17:42,dev0019,100.0,67.6,92.8,70.0
2024-04-21 01:17:42,dev0017,97.0,67.5,91.4,71.0
2024-04-21 01:17:42,dev008,100.0,67.5,92.4,70.0
2024-04-21 01:17:42,dev006,100.0,67.6,91.6,70.0
2024-04-21 01:17:42,dev0028,100.0,67.6,91.9,70.0
2024-04-21 01:17:42,dev0027,100.0,67.6,90.8,71.0
2024-04-21 01:17:42,dev003,100.0,67.6,91.3,70.0
2024-04-21 01:17:42,dev0013,97.31666666666662,67.6,91.0,69.0
2024-04-21 01:17:42,dev0015,96.5,67.6,92.0,69.0
2024-04-21 01:17:42,dev001,96.5,67.6,90.9,70.0
2024-04-21 01:17:42,dev0023,100.0,67.8,91.7,69.0
2024-04-21 01:17:42,dev0026,100.0,67.6,90.3,70.0
2024-04-21 01:17:42,dev0014,96.5,67.6,92.6,71.0
2024-04-21 01:17:42,dev007,100.0,67.7,90.9,70.0
2024-04-21 01:17:42,dev009,100.0,67.6,92.5,71.0
2024-04-21 01:17:42,dev0012,97.375,67.7,91.3,69.0
2024-04-21 01:17:42,dev0016,98.00000000000003,67.7,92.9,69.0
2024-04-21 01:17:42,dev0025,100.0,67.7,91.4,70.0
2024-04-21 01:17:42,dev0010,97.02500000000002,67.7,90.9,70.0
2024-04-21 01:17:42,dev000,97.375,67.7,92.0,71.0
2024-04-21 01:17:42,dev004,100.0,67.7,92.8,70.0
2024-04-21 01:17:42,dev0022,100.0,67.8,90.8,70.0
2024-04-21 01:17:42,dev0011,97.90000000000002,67.8,92.0,70.0
2024-04-21 01:18:47,dev0020,100.0,68.2,91.5,70.0
2024-04-21 01:18:47,dev0021,100.0,68.2,90.8,71.0
2024-04-21 01:18:47,dev0018,96.15000000000002,68.2,91.6,69.0
2024-04-21 01:18:47,dev002,100.0,68.2,91.3,70.0
2024-04-21 01:18:47,dev005,100.0,68.2,92.0,70.0
2024-04-21 01:18:47,dev0029,100.0,68.2,91.3,69.0
2024-04-21 01:18:47,dev0019,100.0,68.2,92.9,70.0
2024-04-21 01:18:47,dev0017,96.5,68.2,91.5,69.0
2024-04-21 01:18:47,dev0024,100.0,68.3,93.0,70.0
2024-04-21 01:18:47,dev006,100.0,68.3,90.7,71.0
2024-04-21 01:18:47,dev008,100.0,68.3,91.0,69.0
2024-04-21 01:18:47,dev0015,96.5,68.3,91.6,70.0
2024-04-21 01:18:47,dev0027,100.0,68.3,91.8,69.0
2024-04-21 01:18:47,dev0028,100.0,68.3,90.9,69.0
2024-04-21 01:18:47,dev0013,97.31666666666662,68.3,91.8,70.0
2024-04-21 01:18:47,dev003,100.0,68.3,90.1,70.0
2024-04-21 01:18:47,dev0014,96.5,68.3,92.2,70.0
2024-04-21 01:18:47,dev0023,100.0,68.3,90.9,70.0
2024-04-21 01:18:47,dev001,96.5,68.3,90.7,70.0
2024-04-21 01:18:47,dev0026,100.0,68.3,91.1,70.0
2024-04-21 01:18:47,dev007,100.0,68.3,92.7,69.0
2024-04-21 01:18:47,dev0012,97.375,68.2,91.0,69.0
2024-04-21 01:18:47,dev009,100.0,68.3,92.1,70.0
2024-04-21 01:18:47,dev0025,100.0,68.3,91.5,70.0
2024-04-21 01:18:47,dev0016,97.6666666666667,68.4,92.2,71.0
2024-04-21 01:18:47,dev000,97.375,68.4,91.4,70.0
2024-04-21 01:18:47,dev0022,100.0,68.4,91.1,70.0
2024-04-21 01:18:47,dev0010,97.02500000000002,68.4,90.8,70.0
2024-04-21 01:18:47,dev004,100.0,68.4,92.5,70.0
2024-04-21 01:18:47,dev0011,97.90000000000002,68.4,91.5,69.0
2024-04-21 01:20:23,dev0024,100.0,69.2,91.2,70.0
2024-04-21 01:20:23,dev003,100.0,69.2,91.6,69.0
2024-04-21 01:20:23,dev0011,97.90000000000002,69.2,90.3,69.0
2024-04-21 01:20:23,dev005,100.0,69.2,90.6,70.0
2024-04-21 01:20:23,dev002,99.5,69.2,91.6,70.0
2024-04-21 01:20:23,dev001,96.5,69.2,90.3,69.0
2024-04-21 01:20:23,dev009,100.0,69.2,89.9,70.0
2024-04-21 01:20:23,dev0018,96.15000000000002,69.2,90.5,70.0
2024-04-21 01:20:23,dev0019,99.4,69.3,91.7,71.0
2024-04-21 01:20:23,dev0022,100.0,69.2,90.4,70.0
2024-04-21 01:20:23,dev0017,96.5,69.2,91.4,71.0
2024-04-21 01:20:23,dev0014,96.5,69.2,90.9,71.0
2024-04-21 01:20:23,dev000,97.375,69.2,91.2,70.0
2024-04-21 01:20:23,dev0029,100.0,69.3,90.7,70.0
2024-04-21 01:20:23,dev0013,97.31666666666662,69.3,90.7,71.0
2024-04-21 01:20:23,dev0020,99.66666666666667,69.3,91.3,70.0
2024-04-21 01:20:23,dev0021,100.0,69.3,91.7,70.0
2024-04-21 01:20:23,dev0016,97.6666666666667,69.3,90.6,69.0
2024-04-21 01:20:23,dev0012,97.375,69.3,91.5,69.0
2024-04-21 01:20:23,dev006,100.0,69.4,91.1,69.0
2024-04-21 01:20:23,dev0025,100.0,69.4,92.2,71.0
2024-04-21 01:20:23,dev0027,100.0,69.4,91.2,71.0
2024-04-21 01:20:23,dev008,100.0,69.4,91.0,69.0
2024-04-21 01:20:23,dev0015,96.5,69.5,90.2,70.0
2024-04-21 01:20:23,dev0028,100.0,69.5,91.6,70.0
2024-04-21 01:20:23,dev004,100.0,69.5,91.1,70.0
2024-04-21 01:20:23,dev0010,97.02500000000002,69.5,91.6,70.0
2024-04-21 01:20:23,dev007,100.0,69.5,91.2,70.0
2024-04-21 01:20:23,dev0026,100.0,69.5,90.9,70.0
2024-04-21 01:20:23,dev0023,100.0,69.7,90.6,69.0
2024-04-21 01:21:28,dev0011,97.90000000000002,70.0,91.6,69.0
2024-04-21 01:21:28,dev0024,100.0,69.2,90.7,70.0
2024-04-21 01:21:28,dev005,100.0,69.1,91.1,69.0
2024-04-21 01:21:28,dev002,99.0,69.2,92.5,70.0
2024-04-21 01:21:28,dev009,100.0,69.2,91.2,69.0
2024-04-21 01:21:28,dev001,96.5,69.2,89.9,70.0
2024-04-21 01:21:28,dev000,97.375,69.2,90.7,70.0
2024-04-21 01:21:28,dev0018,96.15000000000002,69.2,91.6,70.0
2024-04-21 01:21:28,dev0014,96.5,70.4,92.3,69.0
2024-04-21 01:21:28,dev0019,98.80000000000001,70.4,93.0,69.0
2024-04-21 01:21:28,dev0022,100.0,68.1,93.4,69.0
2024-04-21 01:21:28,dev007,100.0,64.8,86.3,70.0
2024-04-21 01:21:28,dev0017,96.5,64.7,83.4,70.0
2024-04-21 01:21:28,dev003,100.0,64.9,82.8,71.0
2024-04-21 01:21:28,dev0025,100.0,64.5,82.5,69.0
2024-04-21 01:21:28,dev0013,97.31666666666662,64.3,84.5,70.0
2024-04-21 01:21:28,dev0016,97.6666666666667,62.1,83.7,70.0
2024-04-21 01:21:28,dev0012,97.375,60.0,66.7,71.0
2024-04-21 01:21:28,dev004,100.0,45.2,67.4,71.0
2024-04-21 01:21:28,dev0021,100.0,45.5,66.2,72.0
2024-04-21 01:21:28,dev008,100.0,45.5,62.1,70.0
2024-04-21 01:21:28,dev006,100.0,45.3,65.2,73.0
2024-04-21 01:21:28,dev0027,100.0,44.1,61.3,72.0
2024-04-21 01:21:28,dev0015,96.5,42.1,44.3,70.0
2024-04-21 01:21:28,dev0010,97.02500000000002,33.8,40.6,76.0
2024-04-21 01:21:28,dev0029,100.0,33.9,35.7,76.0
2024-04-21 01:21:28,dev0028,100.0,34.2,33.8,76.0
2024-04-21 01:21:28,dev0026,100.0,34.2,35.3,73.0
2024-04-21 01:21:28,dev0023,100.0,32.3,34.3,74.0
2024-04-21 01:21:28,dev0020,99.33333333333334,31.5,38.0,73.0
