2024-04-21 20:13:00,dev0016,100.0,34.4,63.2,73.0
2024-04-21 20:13:00,dev0012,100.0,34.3,64.9,76.0
2024-04-21 20:13:00,dev0014,100.0,34.4,63.3,76.0
2024-04-21 20:13:00,dev007,100.0,34.4,64.9,77.0
2024-04-21 20:13:00,dev002,100.0,34.4,63.1,75.0
2024-04-21 20:13:00,dev0017,100.0,34.3,62.0,77.0
2024-04-21 20:13:00,dev0015,100.0,34.3,61.8,75.0
2024-04-21 20:13:00,dev004,100.0,34.4,64.7,75.0
2024-04-21 20:13:00,dev005,100.0,34.3,63.6,75.0
2024-04-21 20:13:00,dev006,100.0,34.3,63.0,73.0
2024-04-21 20:13:00,dev008,100.0,34.3,62.6,75.0
2024-04-21 20:13:00,dev0019,100.0,34.3,63.4,73.0
2024-04-21 20:13:00,dev009,100.0,34.3,63.4,74.0
2024-04-21 20:13:00,dev003,100.0,34.3,65.6,76.0
2024-04-21 20:13:00,dev0013,100.0,34.3,62.9,73.0
2024-04-21 20:13:00,dev0018,100.0,34.3,62.3,75.0
2024-04-21 20:13:00,dev0011,100.0,34.3,63.2,75.0
2024-04-21 20:13:00,dev000,99.47142857142858,34.3,64.0,75.0
2024-04-21 20:13:00,dev0010,99.4,34.3,63.0,72.0
2024-04-21 20:13:00,dev001,99.37142857142857,34.3,64.7,76.0
2024-04-21 20:14:05,dev0012,100.0,34.4,62.5,72.0
2024-04-21 20:14:05,dev0014,100.0,34.4,62.7,76.0
2024-04-21 20:14:05,dev006,100.0,34.4,63.3,72.0
2024-04-21 20:14:05,dev002,100.0,34.3,63.6,73.0
2024-04-21 20:14:05,dev005,100.0,34.4,64.7,72.0
2024-04-21 20:14:05,dev0017,100.0,34.4,61.7,76.0
2024-04-21 20:14:05,dev007,100.0,34.4,66.1,73.0
2024-04-21 20:14:05,dev004,100.0,34.4,62.2,76.0
2024-04-21 20:14:05,dev0015,100.0,34.4,62.5,73.0
2024-04-21 20:14:05,dev0016,100.0,34.4,63.1,73.0
2024-04-21 20:14:05,dev0019,100.0,34.4,64.0,73.0
2024-04-21 20:14:05,dev008,100.0,34.4,63.1,73.0
2024-04-21 20:14:05,dev009,100.0,34.4,62.4,73.0
2024-04-21 20:14:05,dev003,100.0,34.4,61.4,73.0
2024-04-21 20:14:05,dev0011,100.0,34.4,63.6,73.0
2024-04-21 20:14:05,dev0013,100.0,34.4,62.3,72.0
2024-04-21 20:14:05,dev0018,100.0,34.4,61.9,73.0
2024-04-21 20:14:05,dev000,98.94285714285715,34.4,62.8,76.0
2024-04-21 20:14:05,dev0010,98.80000000000001,34.4,65.7,73.0
2024-04-21 20:14:05,dev001,98.74285714285713,34.4,61.5,73.0
2024-04-21 20:15:10,dev002,100.0,34.3,63.9,73.0
2024-04-21 20:15:10,dev007,100.0,34.4,62.3,77.0
2024-04-21 20:15:10,dev0014,100.0,34.4,62.5,76.0
2024-04-21 20:15:10,dev0015,100.0,34.5,66.1,75.0
2024-04-21 20:15:10,dev0012,100.0,34.5,63.9,75.0
2024-04-21 20:15:10,dev005,100.0,34.5,65.2,75.0
2024-04-21 20:15:10,dev0016,100.0,34.5,62.8,75.0
2024-04-21 20:15:10,dev004,100.0,34.4,64.9,73.0
2024-04-21 20:15:10,dev006,100.0,34.3,62.3,71.0
2024-04-21 20:15:10,dev0017,100.0,34.4,61.6,71.0
2024-04-21 20:15:10,dev0013,100.0,34.4,61.2,73.0
2024-04-21 20:15:10,dev008,100.0,34.4,64.9,76.0
2024-04-21 20:15:10,dev0018,100.0,34.4,63.1,74.0
2024-04-21 20:15:10,dev009,100.0,34.3,66.2,73.0
2024-04-21 20:15:10,dev003,100.0,34.4,61.3,74.0
2024-04-21 20:15:10,dev0019,100.0,34.4,62.0,75.0
2024-04-21 20:15:10,dev0010,98.20000000000002,34.4,59.9,74.0
2024-04-21 20:15:10,dev0011,100.0,34.4,64.2,73.0
2024-04-21 20:15:10,dev000,98.41428571428573,34.4,63.4,74.0
2024-04-21 20:15:10,dev001,98.1142857142857,34.4,63.7,72.0
2024-04-21 20:16:15,dev002,100.0,34.9,71.6,74.0
2024-04-21 20:16:15,dev0016,100.0,35.3,74.2,71.0
2024-04-21 20:16:15,dev004,100.0,35.4,68.4,72.0
2024-04-21 20:16:15,dev0017,100.0,35.5,62.4,73.0
2024-04-21 20:16:15,dev0014,100.0,35.5,64.7,71.0
2024-04-21 20:16:15,dev005,100.0,35.5,62.6,73.0
2024-04-21 20:16:15,dev0015,100.0,34.6,66.5,75.0
2024-04-21 20:16:15,dev006,100.0,34.6,60.2,75.0
2024-04-21 20:16:15,dev0012,100.0,34.6,65.9,75.0
2024-04-21 20:16:15,dev007,100.0,34.6,62.2,76.0
2024-04-21 20:16:15,dev0013,100.0,34.6,65.1,75.0
2024-04-21 20:16:15,dev003,100.0,34.5,62.8,76.0
2024-04-21 20:16:15,dev0018,100.0,34.6,62.1,73.0
2024-04-21 20:16:15,dev009,100.0,34.6,62.4,75.0
2024-04-21 20:16:15,dev0010,97.60000000000002,34.6,64.3,76.0
2024-04-21 20:16:15,dev0019,100.0,34.6,61.8,73.0
2024-04-21 20:16:15,dev000,97.8857142857143,34.6,64.4,73.0
2024-04-21 20:16:15,dev008,100.0,34.6,61.8,74.0
2024-04-21 20:16:15,dev0011,100.0,34.6,64.1,73.0
2024-04-21 20:16:15,dev001,97.48571428571427,34.6,61.8,73.0
2024-04-21 20:17:20,dev0014,100.0,34.4,61.1,73.0
2024-04-21 20:17:20,dev006,100.0,34.4,64.8,73.0
2024-04-21 20:17:20,dev004,100.0,34.4,61.3,71.0
2024-04-21 20:17:20,dev0012,100.0,34.5,66.3,73.0
2024-04-21 20:17:20,dev007,100.0,34.4,63.4,73.0
2024-04-21 20:17:20,dev002,100.0,34.4,61.7,73.0
2024-04-21 20:17:20,dev0015,100.0,34.4,61.6,73.0
2024-04-21 20:17:20,dev0017,100.0,34.4,64.4,73.0
2024-04-21 20:17:20,dev0010,97.00000000000003,34.4,62.7,71.0
2024-04-21 20:17:20,dev0016,100.0,34.5,62.5,76.0
2024-04-21 20:17:20,dev005,100.0,34.5,62.2,75.0
2024-04-21 20:17:20,dev0013,100.0,34.5,64.5,73.0
2024-04-21 20:17:20,dev0019,100.0,34.3,63.2,73.0
2024-04-21 20:17:20,dev0018,100.0,34.3,64.0,73.0
2024-04-21 20:17:20,dev003,100.0,34.4,62.8,75.0
2024-04-21 20:17:20,dev000,97.35714285714288,34.4,66.5,77.0
2024-04-21 20:17:20,dev009,100.0,34.4,62.2,77.0
2024-04-21 20:17:20,dev0011,100.0,34.4,60.9,75.0
2024-04-21 20:17:20,dev008,100.0,34.3,64.2,75.0
2024-04-21 20:17:20,dev001,96.85714285714283,34.3,64.7,76.0
2024-04-21 20:18:25,dev0012,100.0,34.5,65.9,72.0
2024-04-21 20:18:25,dev0014,100.0,34.4,61.5,75.0
2024-04-21 20:18:25,dev002,100.0,34.4,64.9,76.0
2024-04-21 20:18:25,dev0010,96.40000000000003,34.5,62.6,73.0
2024-04-21 20:18:25,dev0015,100.0,34.5,64.8,72.0
2024-04-21 20:18:25,dev006,100.0,34.5,62.6,75.0
2024-04-21 20:18:25,dev0017,100.0,34.5,63.0,75.0
2024-04-21 20:18:25,dev004,100.0,34.4,62.4,74.0
2024-04-21 20:18:25,dev005,100.0,34.5,65.4,72.0
2024-04-21 20:18:25,dev007,100.0,34.5,62.6,77.0
2024-04-21 20:18:25,dev0016,100.0,34.5,65.3,77.0
2024-04-21 20:18:25,dev000,96.82857142857145,34.5,58.2,77.0
2024-04-21 20:18:25,dev009,100.0,34.4,62.5,73.0
2024-04-21 20:18:25,dev0013,100.0,34.4,61.5,76.0
2024-04-21 20:18:25,dev003,100.0,34.4,64.0,76.0
2024-04-21 20:18:25,dev0018,100.0,34.4,62.8,72.0
2024-04-21 20:18:25,dev0019,100.0,34.4,62.6,75.0
2024-04-21 20:18:25,dev0011,100.0,34.5,62.7,77.0
2024-04-21 20:18:25,dev008,100.0,34.5,65.6,73.0
2024-04-21 20:18:25,dev001,96.2285714285714,34.5,65.8,76.0
2024-04-21 20:19:30,dev0012,100.0,34.8,62.6,73.0
2024-04-21 20:19:30,dev0016,100.0,34.8,65.6,73.0
2024-04-21 20:19:30,dev002,100.0,34.8,62.4,73.0
2024-04-21 20:19:30,dev007,100.0,34.8,65.2,75.0
2024-04-21 20:19:30,dev005,100.0,34.9,62.4,72.0
2024-04-21 20:19:30,dev0010,95.80000000000004,34.8,65.1,72.0
2024-04-21 20:19:30,dev0015,100.0,34.9,62.4,73.0
2024-04-21 20:19:30,dev006,100.0,34.9,62.7,75.0
2024-04-21 20:19:30,dev0014,100.0,34.9,62.9,73.0
2024-04-21 20:19:30,dev0017,100.0,34.9,65.4,75.0
2024-04-21 20:19:30,dev004,100.0,34.9,61.8,77.0
2024-04-21 20:19:30,dev009,100.0,34.9,62.6,76.0
2024-04-21 20:19:30,dev0018,100.0,35.0,62.5,74.0
2024-04-21 20:19:30,dev003,100.0,34.9,64.9,74.0
2024-04-21 20:19:30,dev000,96.30000000000003,35.0,62.6,73.0
2024-04-21 20:19:30,dev0013,100.0,35.0,61.5,73.0
2024-04-21 20:19:30,dev0011,100.0,35.0,62.3,73.0
2024-04-21 20:19:30,dev008,100.0,35.0,66.3,72.0
2024-04-21 20:19:30,dev0019,100.0,35.0,61.6,72.0
2024-04-21 20:19:30,dev001,95.59999999999997,35.1,60.9,74.0
2024-04-21 20:21:00,dev000,96.30000000000003,36.8,63.6,76.0
2024-04-21 20:21:00,dev0015,99.4,36.8,65.3,73.0
2024-04-21 20:21:00,dev0016,100.0,36.5,66.4,71.0
2024-04-21 20:21:00,dev0019,100.0,36.5,62.9,75.0
2024-04-21 20:21:00,dev007,100.0,36.5,63.4,75.0
2024-04-21 20:21:00,dev002,100.0,36.5,65.3,77.0
2024-04-21 20:21:00,dev0014,99.72727272727273,35.9,64.1,72.0
2024-04-21 20:21:00,dev006,100.0,35.8,63.8,73.0
2024-04-21 20:21:00,dev0017,100.0,35.9,62.8,73.0
2024-04-21 20:21:00,dev0012,99.4,35.9,65.2,73.0
2024-04-21 20:21:00,dev0011,99.78571428571429,35.9,62.6,73.0
2024-04-21 20:21:00,dev005,100.0,35.9,65.7,73.0
2024-04-21 20:21:00,dev004,100.0,35.9,61.4,74.0
2024-04-21 20:21:00,dev009,100.0,35.9,65.7,73.0
2024-04-21 20:21:00,dev0018,100.0,36.0,63.1,75.0
2024-04-21 20:21:00,dev003,100.0,35.9,62.7,75.0
2024-04-21 20:21:00,dev001,95.36923076923074,35.9,60.9,75.0
2024-04-21 20:21:00,dev008,100.0,36.0,63.4,75.0
2024-04-21 20:21:00,dev0013,99.7,36.0,62.0,76.0
2024-04-21 20:21:00,dev0010,95.1714285714286,36.0,62.2,75.0
2024-04-21 20:22:05,dev000,96.30000000000003,36.3,64.2,75.0
2024-04-21 20:22:05,dev0011,99.57142857142858,36.4,62.2,75.0
2024-04-21 20:22:05,dev004,100.0,36.4,61.2,75.0
2024-04-21 20:22:05,dev0017,100.0,36.4,63.0,73.0
2024-04-21 20:22:05,dev005,100.0,36.5,65.1,73.0
2024-04-21 20:22:05,dev0019,100.0,36.5,62.8,73.0
2024-04-21 20:22:05,dev0015,98.80000000000001,36.5,64.5,73.0
2024-04-21 20:22:05,dev0016,100.0,36.5,61.5,75.0
2024-04-21 20:22:05,dev0014,99.45454545454547,36.4,63.2,72.0
2024-04-21 20:22:05,dev007,100.0,36.4,64.1,73.0
2024-04-21 20:22:05,dev006,100.0,36.4,63.9,73.0
2024-04-21 20:22:05,dev009,100.0,36.4,61.6,74.0
2024-04-21 20:22:05,dev0018,100.0,36.5,64.1,75.0
2024-04-21 20:22:05,dev0012,98.80000000000001,36.5,63.0,75.0
2024-04-21 20:22:05,dev002,100.0,36.6,62.5,74.0
2024-04-21 20:22:05,dev0013,99.4,36.6,62.7,77.0
2024-04-21 20:22:05,dev008,100.0,36.6,64.2,76.0
2024-04-21 20:22:05,dev001,95.13846153846151,36.6,63.1,73.0
2024-04-21 20:22:05,dev003,100.0,36.6,62.6,75.0
2024-04-21 20:22:05,dev0010,94.54285714285717,36.6,61.7,75.0
2024-04-21 20:23:10,dev000,96.30000000000003,37.2,62.3,75.0
2024-04-21 20:23:10,dev0011,99.35714285714288,37.1,65.3,74.0
2024-04-21 20:23:10,dev006,100.0,37.2,62.8,73.0
2024-04-21 20:23:10,dev0017,100.0,37.3,63.7,75.0
2024-04-21 20:23:10,dev009,100.0,37.3,62.8,73.0
2024-04-21 20:23:10,dev0014,99.1818181818182,37.3,63.7,73.0
2024-04-21 20:23:10,dev002,100.0,37.1,62.9,73.0
2024-04-21 20:23:10,dev0018,100.0,37.2,66.8,72.0
2024-04-21 20:23:10,dev005,100.0,37.3,63.4,72.0
2024-04-21 20:23:10,dev0019,100.0,37.3,63.9,73.0
2024-04-21 20:23:10,dev007,100.0,37.3,63.3,73.0
2024-04-21 20:23:10,dev0012,98.20000000000002,37.3,65.9,76.0
2024-04-21 20:23:10,dev004,100.0,37.3,62.2,77.0
2024-04-21 20:23:10,dev0015,98.20000000000002,37.3,63.1,74.0
2024-04-21 20:23:10,dev0016,100.0,37.4,62.5,73.0
2024-04-21 20:23:10,dev0013,99.10000000000001,37.4,62.9,75.0
2024-04-21 20:23:10,dev003,100.0,37.4,62.1,75.0
2024-04-21 20:23:10,dev001,94.90769230769229,37.5,65.4,73.0
2024-04-21 20:23:10,dev008,100.0,37.3,62.7,73.0
2024-04-21 20:23:10,dev0010,93.91428571428574,37.5,62.3,74.0
2024-04-21 20:24:15,dev000,96.30000000000003,38.2,64.2,72.0
2024-04-21 20:24:15,dev005,100.0,38.3,61.6,73.0
2024-04-21 20:24:15,dev0017,100.0,38.3,60.2,73.0
2024-04-21 20:24:15,dev0016,100.0,38.3,62.7,73.0
2024-04-21 20:24:15,dev004,100.0,38.3,64.0,73.0
2024-04-21 20:24:15,dev0014,98.90909090909093,38.3,61.3,71.0
2024-04-21 20:24:15,dev0019,100.0,38.3,62.8,75.0
2024-04-21 20:24:15,dev009,100.0,38.3,64.0,74.0
2024-04-21 20:24:15,dev0012,97.60000000000002,38.4,66.1,72.0
2024-04-21 20:24:15,dev006,100.0,38.6,64.7,73.0
2024-04-21 20:24:15,dev002,100.0,38.6,62.7,73.0
2024-04-21 20:24:15,dev0015,97.60000000000002,38.6,62.2,73.0
2024-04-21 20:24:15,dev007,100.0,38.6,65.3,73.0
2024-04-21 20:24:15,dev0011,99.14285714285717,38.7,63.1,75.0
2024-04-21 20:24:15,dev0018,100.0,38.7,63.8,74.0
2024-04-21 20:24:15,dev008,100.0,38.4,62.1,75.0
2024-04-21 20:24:15,dev001,94.67692307692306,38.4,66.0,76.0
2024-04-21 20:24:15,dev003,100.0,38.4,63.5,73.0
2024-04-21 20:24:15,dev0013,98.80000000000001,38.4,63.1,73.0
2024-04-21 20:24:15,dev0010,93.2857142857143,38.6,64.1,73.0
2024-04-21 20:25:20,dev000,96.30000000000003,40.5,62.6,73.0
2024-04-21 20:25:20,dev0014,98.63636363636367,40.5,64.8,76.0
2024-04-21 20:25:20,dev004,100.0,40.5,62.5,76.0
2024-04-21 20:25:20,dev005,100.0,40.5,62.9,73.0
2024-04-21 20:25:20,dev0019,100.0,40.5,62.8,73.0
2024-04-21 20:25:20,dev0012,97.00000000000003,40.5,65.6,72.0
2024-04-21 20:25:20,dev0016,100.0,40.5,61.2,74.0
2024-04-21 20:25:20,dev006,100.0,40.5,61.3,75.0
2024-04-21 20:25:20,dev0015,97.00000000000003,40.6,62.3,72.0
2024-04-21 20:25:20,dev002,100.0,40.6,65.7,73.0
2024-04-21 20:25:20,dev007,100.0,40.6,62.2,76.0
2024-04-21 20:25:20,dev009,100.0,40.6,63.4,75.0
2024-04-21 20:25:20,dev0017,100.0,40.6,62.2,76.0
2024-04-21 20:25:20,dev003,100.0,40.7,64.2,77.0
2024-04-21 20:25:20,dev0018,100.0,40.7,62.5,76.0
2024-04-21 20:25:20,dev0013,98.50000000000001,40.7,62.4,76.0
2024-04-21 20:25:20,dev001,94.44615384615383,40.7,60.5,74.0
2024-04-21 20:25:20,dev008,100.0,40.7,64.2,75.0
2024-04-21 20:25:20,dev0011,98.92857142857146,40.8,61.7,76.0
2024-04-21 20:25:20,dev0010,92.65714285714287,40.8,62.0,76.0
2024-04-21 20:26:25,dev0014,98.3636363636364,41.6,62.1,74.0
2024-04-21 20:26:25,dev000,96.30000000000003,41.6,62.6,73.0
2024-04-21 20:26:25,dev002,100.0,41.6,65.0,74.0
2024-04-21 20:26:25,dev0012,96.40000000000003,41.6,63.7,75.0
2024-04-21 20:26:25,dev0016,100.0,41.6,62.5,74.0
2024-04-21 20:26:25,dev009,100.0,41.6,63.2,74.0
2024-04-21 20:26:25,dev007,100.0,41.6,63.8,77.0
2024-04-21 20:26:25,dev0015,96.40000000000003,41.6,62.0,76.0
2024-04-21 20:26:25,dev004,100.0,41.7,64.7,73.0
2024-04-21 20:26:25,dev0017,100.0,41.7,63.5,75.0
2024-04-21 20:26:25,dev006,100.0,41.7,61.9,75.0
2024-04-21 20:26:25,dev005,100.0,41.8,62.3,73.0
2024-04-21 20:26:25,dev0019,100.0,41.7,67.3,75.0
2024-04-21 20:26:25,dev001,94.21538461538461,41.8,62.8,75.0
2024-04-21 20:26:25,dev0018,100.0,41.8,64.5,75.0
2024-04-21 20:26:25,dev008,100.0,41.8,62.9,75.0
2024-04-21 20:26:25,dev0011,98.71428571428575,41.8,65.3,75.0
2024-04-21 20:26:25,dev003,100.0,41.8,62.0,74.0
2024-04-21 20:26:25,dev0013,98.20000000000002,42.0,66.7,73.0
2024-04-21 20:26:25,dev0010,92.02857142857144,42.2,65.2,75.0
2024-04-21 20:27:30,dev0014,98.09090909090914,43.0,62.1,73.0
2024-04-21 20:27:30,dev000,96.30000000000003,43.1,64.3,74.0
2024-04-21 20:27:30,dev005,100.0,43.0,62.7,75.0
2024-04-21 20:27:30,dev002,100.0,43.1,65.3,73.0
2024-04-21 20:27:30,dev0017,100.0,43.1,63.2,72.0
2024-04-21 20:27:30,dev0016,100.0,43.1,65.6,76.0
2024-04-21 20:27:30,dev0012,95.80000000000004,43.1,61.2,77.0
2024-04-21 20:27:30,dev0015,95.80000000000004,43.2,61.2,73.0
2024-04-21 20:27:30,dev007,100.0,43.3,60.8,73.0
2024-04-21 20:27:30,dev006,100.0,43.2,65.4,73.0
2024-04-21 20:27:30,dev009,100.0,43.2,62.8,73.0
2024-04-21 20:27:30,dev004,100.0,43.2,66.0,75.0
2024-04-21 20:27:30,dev008,100.0,43.3,62.1,75.0
2024-04-21 20:27:30,dev001,93.98461538461538,43.3,61.4,74.0
2024-04-21 20:27:30,dev0011,98.50000000000004,43.3,60.1,74.0
2024-04-21 20:27:30,dev0018,100.0,43.1,64.1,73.0
2024-04-21 20:27:30,dev003,100.0,43.1,61.9,75.0
2024-04-21 20:27:30,dev0013,97.90000000000002,43.1,62.2,73.0
2024-04-21 20:27:30,dev0019,100.0,43.2,64.5,77.0
2024-04-21 20:27:30,dev0010,91.4,43.2,62.8,71.0
2024-04-21 20:29:00,dev008,100.0,44.6,63.0,71.0
2024-04-21 20:29:00,dev007,100.0,44.6,63.0,73.0
2024-04-21 20:29:00,dev000,96.30000000000003,44.6,62.2,76.0
2024-04-21 20:29:00,dev006,100.0,44.7,66.1,73.0
2024-04-21 20:29:00,dev0017,100.0,44.6,62.4,72.0
2024-04-21 20:29:00,dev005,100.0,44.6,62.7,72.0
2024-04-21 20:29:00,dev0014,97.49090909090914,44.7,62.1,73.0
2024-04-21 20:29:00,dev0010,91.16923076923078,44.7,65.6,76.0
2024-04-21 20:29:00,dev004,100.0,44.7,62.8,73.0
2024-04-21 20:29:00,dev002,100.0,44.8,66.3,76.0
2024-04-21 20:29:00,dev009,100.0,44.8,62.5,72.0
2024-04-21 20:29:00,dev001,93.98461538461538,44.8,62.9,75.0
2024-04-21 20:29:00,dev0018,100.0,44.8,63.2,75.0
2024-04-21 20:29:00,dev0016,99.4,44.9,65.8,73.0
2024-04-21 20:29:00,dev0015,95.4166666666667,44.8,63.3,71.0
2024-04-21 20:29:00,dev0012,95.27142857142861,44.8,65.6,75.0
2024-04-21 20:29:00,dev0019,99.75,44.8,61.2,76.0
2024-04-21 20:29:00,dev003,100.0,44.9,63.5,73.0
2024-04-21 20:29:00,dev0013,97.80322580645164,44.9,62.0,71.0
2024-04-21 20:29:00,dev0011,98.12500000000004,44.9,62.6,73.0
2024-04-21 20:30:05,dev000,96.30000000000003,45.8,61.7,75.0
2024-04-21 20:30:05,dev008,100.0,45.8,62.9,75.0
2024-04-21 20:30:05,dev0010,90.93846153846155,45.7,66.4,73.0
2024-04-21 20:30:05,dev007,100.0,45.9,62.5,73.0
2024-04-21 20:30:05,dev0017,100.0,45.9,64.7,74.0
2024-04-21 20:30:05,dev006,100.0,45.9,63.1,73.0
2024-04-21 20:30:05,dev005,100.0,45.9,65.8,75.0
2024-04-21 20:30:05,dev0014,96.89090909090915,45.9,62.3,75.0
2024-04-21 20:30:05,dev004,100.0,45.9,65.5,78.0
2024-04-21 20:30:05,dev0019,99.5,46.0,63.2,74.0
2024-04-21 20:30:05,dev0012,94.74285714285719,46.0,62.6,75.0
2024-04-21 20:30:05,dev009,100.0,46.0,61.9,75.0
2024-04-21 20:30:05,dev0015,95.03333333333336,45.9,65.3,75.0
2024-04-21 20:30:05,dev002,100.0,46.0,63.1,75.0
2024-04-21 20:30:05,dev0016,98.80000000000001,46.1,65.6,74.0
2024-04-21 20:30:05,dev001,93.98461538461538,46.1,62.5,75.0
2024-04-21 20:30:05,dev0018,100.0,46.1,61.3,75.0
2024-04-21 20:30:05,dev003,100.0,46.1,61.3,73.0
2024-04-21 20:30:05,dev0013,97.70645161290325,46.1,63.0,71.0
2024-04-21 20:30:05,dev0011,97.75000000000004,46.1,66.0,73.0
2024-04-21 20:31:10,dev008,100.0,46.9,61.0,75.0
2024-04-21 20:31:10,dev0014,96.29090909090915,46.9,68.0,75.0
2024-04-21 20:31:10,dev0017,100.0,46.9,62.8,73.0
2024-04-21 20:31:10,dev006,100.0,46.9,62.7,73.0
2024-04-21 20:31:10,dev000,96.30000000000003,47.0,61.9,73.0
2024-04-21 20:31:10,dev0010,90.70769230769233,47.0,65.4,73.0
2024-04-21 20:31:10,dev007,100.0,47.0,61.6,73.0
2024-04-21 20:31:10,dev005,100.0,47.0,62.8,72.0
2024-04-21 20:31:10,dev0012,94.21428571428577,47.0,61.7,75.0
2024-04-21 20:31:10,dev009,100.0,47.1,66.4,73.0
2024-04-21 20:31:10,dev002,100.0,47.1,62.6,73.0
2024-04-21 20:31:10,dev0016,98.20000000000002,47.1,61.8,73.0
2024-04-21 20:31:10,dev0015,94.65000000000002,47.1,63.5,73.0
2024-04-21 20:31:10,dev0011,97.37500000000004,47.1,64.9,72.0
2024-04-21 20:31:10,dev0019,99.25,47.1,63.4,72.0
2024-04-21 20:31:10,dev004,100.0,47.2,65.5,76.0
2024-04-21 20:31:10,dev003,100.0,47.2,62.3,76.0
2024-04-21 20:31:10,dev0013,97.60967741935487,47.2,62.7,76.0
2024-04-21 20:31:10,dev0018,100.0,47.3,62.4,71.0
2024-04-21 20:31:10,dev001,93.98461538461538,47.3,62.3,71.0
2024-04-21 20:32:15,dev0017,100.0,48.1,65.8,73.0
2024-04-21 20:32:15,dev005,100.0,48.1,63.8,73.0
2024-04-21 20:32:15,dev007,100.0,48.1,65.4,75.0
2024-04-21 20:32:15,dev0014,95.69090909090916,48.2,62.4,73.0
2024-04-21 20:32:15,dev000,96.30000000000003,48.2,65.9,75.0
2024-04-21 20:32:15,dev0012,93.68571428571434,48.2,62.5,73.0
2024-04-21 20:32:15,dev0010,90.4769230769231,48.2,65.4,73.0
2024-04-21 20:32:15,dev008,100.0,48.2,62.4,77.0
2024-04-21 20:32:15,dev006,100.0,48.3,61.0,75.0
2024-04-21 20:32:15,dev009,100.0,48.3,63.3,73.0
2024-04-21 20:32:15,dev0015,94.26666666666668,48.3,65.4,75.0
2024-04-21 20:32:15,dev0019,99.0,48.3,63.6,71.0
2024-04-21 20:32:15,dev002,100.0,48.4,66.1,73.0
2024-04-21 20:32:15,dev0016,97.60000000000002,48.4,62.5,73.0
2024-04-21 20:32:15,dev004,100.0,48.4,60.9,73.0
2024-04-21 20:32:15,dev0011,97.00000000000004,48.4,62.3,73.0
2024-04-21 20:32:15,dev003,100.0,48.4,62.8,71.0
2024-04-21 20:32:15,dev0013,97.51290322580648,48.5,61.6,73.0
2024-04-21 20:32:15,dev001,93.98461538461538,48.5,62.0,73.0
2024-04-21 20:32:15,dev0018,100.0,48.5,65.6,71.0
2024-04-21 20:33:20,dev007,100.0,49.3,62.0,71.0
2024-04-21 20:33:20,dev005,100.0,49.3,64.9,75.0
2024-04-21 20:33:20,dev0015,93.88333333333334,49.2,62.3,74.0
2024-04-21 20:33:20,dev0017,100.0,49.3,66.1,73.0
2024-04-21 20:33:20,dev0010,90.24615384615387,49.2,62.7,77.0
2024-04-21 20:33:20,dev0012,93.15714285714292,49.3,62.2,75.0
2024-04-21 20:33:20,dev008,100.0,49.3,63.1,75.0
2024-04-21 20:33:20,dev000,96.30000000000003,49.3,65.7,73.0
2024-04-21 20:33:20,dev006,100.0,49.4,62.1,73.0
2024-04-21 20:33:20,dev0014,95.09090909090916,49.4,65.2,73.0
2024-04-21 20:33:20,dev0011,96.62500000000004,49.4,62.1,76.0
2024-04-21 20:33:20,dev004,100.0,49.4,63.0,71.0
2024-04-21 20:33:20,dev0016,97.00000000000003,49.4,63.0,73.0
2024-04-21 20:33:20,dev0019,98.75,49.4,66.0,75.0
2024-04-21 20:33:20,dev009,100.0,49.5,63.2,74.0
2024-04-21 20:33:20,dev002,100.0,49.5,64.7,75.0
2024-04-21 20:33:20,dev003,100.0,49.5,64.2,73.0
2024-04-21 20:33:20,dev001,93.98461538461538,49.5,61.5,74.0
2024-04-21 20:33:20,dev0013,97.4161290322581,49.5,64.1,75.0
2024-04-21 20:33:20,dev0018,100.0,49.6,62.8,73.0
2024-04-21 20:34:25,dev0014,94.49090909090917,49.6,65.5,72.0
2024-04-21 20:34:25,dev008,100.0,49.6,62.5,72.0
2024-04-21 20:34:25,dev005,100.0,49.6,63.3,72.0
2024-04-21 20:34:25,dev0015,93.5,49.7,62.2,73.0
2024-04-21 20:34:25,dev0010,90.01538461538465,49.7,65.3,73.0
2024-04-21 20:34:25,dev007,100.0,49.7,62.7,73.0
2024-04-21 20:34:25,dev000,96.30000000000003,49.7,63.3,72.0
2024-04-21 20:34:25,dev0012,92.62857142857149,49.7,62.8,73.0
2024-04-21 20:34:25,dev0017,100.0,49.7,65.3,73.0
2024-04-21 20:34:25,dev006,100.0,49.8,61.9,70.0
2024-04-21 20:34:25,dev0011,96.25000000000004,49.8,62.0,76.0
2024-04-21 20:34:25,dev004,100.0,49.7,62.7,72.0
2024-04-21 20:34:25,dev002,100.0,49.7,65.9,72.0
2024-04-21 20:34:25,dev0016,96.40000000000003,49.8,61.6,72.0
2024-04-21 20:34:25,dev0019,98.5,49.7,65.1,72.0
2024-04-21 20:34:25,dev009,100.0,49.7,62.5,75.0
2024-04-21 20:34:25,dev0013,97.31935483870971,49.8,61.7,75.0
2024-04-21 20:34:25,dev003,100.0,49.8,64.9,75.0
2024-04-21 20:34:25,dev001,93.98461538461538,49.8,61.5,73.0
2024-04-21 20:34:25,dev0018,100.0,49.9,61.6,75.0
2024-04-21 20:35:30,dev0017,100.0,50.4,63.6,73.0
2024-04-21 20:35:30,dev007,100.0,50.8,74.4,74.0
2024-04-21 20:35:30,dev000,96.30000000000003,50.8,63.9,71.0
2024-04-21 20:35:30,dev0010,89.78461538461542,51.4,73.7,73.0
2024-04-21 20:35:30,dev005,100.0,51.7,71.2,72.0
2024-04-21 20:35:30,dev0012,92.10000000000007,52.1,73.1,73.0
2024-04-21 20:35:30,dev0015,93.11666666666666,52.3,68.7,73.0
2024-04-21 20:35:30,dev0014,93.89090909090918,52.4,69.1,73.0
2024-04-21 20:35:30,dev008,100.0,52.5,62.2,73.0
2024-04-21 20:35:30,dev009,100.0,52.6,62.8,75.0
2024-04-21 20:35:30,dev006,100.0,52.5,62.6,71.0
2024-04-21 20:35:30,dev0019,98.25,52.5,65.3,73.0
2024-04-21 20:35:30,dev0011,95.87500000000004,52.5,62.5,76.0
2024-04-21 20:35:30,dev004,100.0,52.6,62.0,75.0
2024-04-21 20:35:30,dev002,100.0,52.6,63.9,74.0
2024-04-21 20:35:30,dev0016,95.80000000000004,52.6,67.1,73.0
2024-04-21 20:35:30,dev003,100.0,52.6,63.6,75.0
2024-04-21 20:35:30,dev001,93.98461538461538,52.6,62.8,72.0
2024-04-21 20:35:30,dev0013,97.22258064516133,52.6,62.2,72.0
2024-04-21 20:35:30,dev0018,100.0,52.6,63.8,76.0
2024-04-21 20:37:00,dev000,96.30000000000003,51.0,61.9,73.0
2024-04-21 20:37:00,dev0010,89.78461538461542,51.0,62.7,73.0
2024-04-21 20:37:00,dev008,100.0,51.0,62.4,73.0
2024-04-21 20:37:00,dev004,100.0,51.0,65.3,73.0
2024-04-21 20:37:00,dev002,99.75,51.0,62.5,73.0
2024-04-21 20:37:00,dev001,93.98461538461538,51.0,66.0,76.0
2024-04-21 20:37:00,dev0017,100.0,51.0,62.5,73.0
2024-04-21 20:37:00,dev005,100.0,51.0,61.7,75.0
2024-04-21 20:37:00,dev0019,97.65,51.1,62.3,73.0
2024-04-21 20:37:00,dev009,100.0,51.0,65.3,73.0
2024-04-21 20:37:00,dev003,100.0,51.0,62.4,77.0
2024-04-21 20:37:00,dev0012,91.86923076923084,51.0,65.9,73.0
2024-04-21 20:37:00,dev0016,95.4166666666667,51.0,62.8,75.0
2024-04-21 20:37:00,dev0011,95.87500000000004,51.1,64.9,75.0
2024-04-21 20:37:00,dev0018,99.7,51.1,63.3,75.0
2024-04-21 20:37:00,dev0015,92.51666666666667,51.1,63.0,75.0
2024-04-21 20:37:00,dev0014,93.51590909090918,51.1,61.3,75.0
2024-04-21 20:37:00,dev006,100.0,51.1,62.6,75.0
2024-04-21 20:37:00,dev0013,96.7940092165899,51.1,65.6,75.0
2024-04-21 20:37:00,dev007,100.0,51.1,63.0,76.0
2024-04-21 20:38:05,dev000,96.30000000000003,51.4,65.7,72.0
2024-04-21 20:38:05,dev0010,89.78461538461542,51.4,61.5,74.0
2024-04-21 20:38:05,dev009,100.0,51.4,65.0,74.0
2024-04-21 20:38:05,dev0012,91.63846153846161,51.4,62.4,73.0
2024-04-21 20:38:05,dev008,100.0,51.4,65.0,73.0
2024-04-21 20:38:05,dev0019,97.05000000000001,51.4,62.2,73.0
2024-04-21 20:38:05,dev0017,100.0,51.5,62.4,75.0
2024-04-21 20:38:05,dev0016,95.03333333333336,51.5,62.0,72.0
2024-04-21 20:38:05,dev005,100.0,51.5,65.2,72.0
2024-04-21 20:38:05,dev004,100.0,51.5,61.6,73.0
2024-04-21 20:38:05,dev002,99.5,51.4,62.8,73.0
2024-04-21 20:38:05,dev001,93.98461538461538,51.4,62.3,73.0
2024-04-21 20:38:05,dev003,100.0,51.4,65.4,72.0
2024-04-21 20:38:05,dev006,100.0,51.4,62.9,73.0
2024-04-21 20:38:05,dev0011,95.87500000000004,51.5,62.7,72.0
2024-04-21 20:38:05,dev0013,96.36543778801847,51.5,66.2,74.0
2024-04-21 20:38:05,dev0015,91.91666666666667,51.5,62.2,72.0
2024-04-21 20:38:05,dev0018,99.4,51.5,61.6,73.0
2024-04-21 20:38:05,dev0014,93.14090909090918,51.5,62.0,75.0
2024-04-21 20:38:05,dev007,100.0,51.5,65.5,71.0
2024-04-21 20:39:10,dev0010,89.78461538461542,51.8,61.4,75.0
2024-04-21 20:39:10,dev000,96.30000000000003,51.8,62.8,75.0
2024-04-21 20:39:10,dev0012,91.40769230769239,51.8,62.7,76.0
2024-04-21 20:39:10,dev005,100.0,51.8,64.4,73.0
2024-04-21 20:39:10,dev0019,96.45000000000002,51.8,62.1,75.0
2024-04-21 20:39:10,dev003,100.0,51.8,65.5,77.0
2024-04-21 20:39:10,dev001,93.98461538461538,51.8,61.7,76.0
2024-04-21 20:39:10,dev004,100.0,51.8,62.7,73.0
2024-04-21 20:39:10,dev002,99.25,51.8,63.0,71.0
2024-04-21 20:39:10,dev0016,94.65000000000002,51.8,65.6,73.0
2024-04-21 20:39:10,dev009,100.0,51.8,62.1,72.0
2024-04-21 20:39:10,dev0017,100.0,51.8,65.4,73.0
2024-04-21 20:39:10,dev008,100.0,51.8,62.2,74.0
2024-04-21 20:39:10,dev0013,95.93686635944704,51.8,62.7,72.0
2024-04-21 20:39:10,dev0015,91.31666666666668,51.8,64.0,75.0
2024-04-21 20:39:10,dev0018,99.10000000000001,51.8,62.1,71.0
2024-04-21 20:39:10,dev006,100.0,51.8,62.5,73.0
2024-04-21 20:39:10,dev0011,95.87500000000004,51.8,61.6,72.0
2024-04-21 20:39:10,dev0014,92.76590909090918,51.8,65.8,72.0
2024-04-21 20:39:10,dev007,100.0,51.8,61.9,73.0
2024-04-21 20:40:15,dev0010,89.78461538461542,52.1,65.5,76.0
2024-04-21 20:40:15,dev000,96.30000000000003,52.1,60.7,73.0
2024-04-21 20:40:15,dev0012,91.17692307692316,52.2,63.1,74.0
2024-04-21 20:40:15,dev009,100.0,52.1,62.6,75.0
2024-04-21 20:40:15,dev001,93.98461538461538,52.1,65.6,72.0
2024-04-21 20:40:15,dev003,100.0,52.1,62.2,75.0
2024-04-21 20:40:15,dev008,100.0,52.1,62.9,76.0
2024-04-21 20:40:15,dev0016,94.26666666666668,52.2,62.7,73.0
2024-04-21 20:40:15,dev0017,100.0,52.2,64.7,76.0
2024-04-21 20:40:15,dev0019,95.85000000000002,52.2,60.7,76.0
2024-04-21 20:40:15,dev005,100.0,52.5,69.0,73.0
2024-04-21 20:40:15,dev002,99.0,53.1,73.1,72.0
2024-04-21 20:40:15,dev004,100.0,53.2,66.3,72.0
2024-04-21 20:40:15,dev0011,95.87500000000004,53.2,64.4,72.0
2024-04-21 20:40:15,dev0018,98.80000000000001,53.2,62.0,71.0
2024-04-21 20:40:15,dev0014,92.39090909090918,53.2,65.3,72.0
2024-04-21 20:40:15,dev006,100.0,53.0,70.2,71.0
2024-04-21 20:40:15,dev0013,95.5082949308756,53.0,61.2,76.0
2024-04-21 20:40:15,dev0015,90.71666666666668,53.0,62.1,75.0
2024-04-21 20:40:15,dev007,100.0,53.0,65.7,71.0
2024-04-21 20:41:20,dev0010,89.78461538461542,52.5,62.8,71.0
2024-04-21 20:41:20,dev000,96.30000000000003,52.5,66.1,73.0
2024-04-21 20:41:20,dev0012,90.94615384615393,52.5,62.5,76.0
2024-04-21 20:41:20,dev0016,93.88333333333334,52.6,62.1,76.0
2024-04-21 20:41:20,dev0017,100.0,52.6,62.2,77.0
2024-04-21 20:41:20,dev002,98.75,52.6,64.1,75.0
2024-04-21 20:41:20,dev001,93.98461538461538,52.7,64.3,73.0
2024-04-21 20:41:20,dev0019,95.25000000000003,53.3,75.8,72.0
2024-04-21 20:41:20,dev009,100.0,53.6,71.1,72.0
2024-04-21 20:41:20,dev004,100.0,53.6,64.8,75.0
2024-04-21 20:41:20,dev005,100.0,53.6,62.1,72.0
2024-04-21 20:41:20,dev003,100.0,53.6,63.0,73.0
2024-04-21 20:41:20,dev008,100.0,52.8,68.1,73.0
2024-04-21 20:41:20,dev0011,95.87500000000004,52.7,64.0,73.0
2024-04-21 20:41:20,dev0018,98.50000000000001,52.7,64.8,72.0
2024-04-21 20:41:20,dev0015,90.11666666666669,52.7,62.9,73.0
2024-04-21 20:41:20,dev0013,95.07972350230418,52.7,61.1,71.0
2024-04-21 20:41:20,dev006,100.0,52.7,62.3,71.0
2024-04-21 20:41:20,dev0014,92.01590909090918,52.7,65.3,71.0
2024-04-21 20:41:20,dev007,100.0,52.7,62.8,73.0
2024-04-21 20:42:25,dev000,96.30000000000003,53.0,61.8,77.0
2024-04-21 20:42:25,dev0016,93.5,53.0,62.0,72.0
2024-04-21 20:42:25,dev0012,90.7153846153847,53.0,64.9,76.0
2024-04-21 20:42:25,dev0010,89.78461538461542,53.1,62.7,73.0
2024-04-21 20:42:25,dev005,100.0,53.1,64.9,73.0
2024-04-21 20:42:25,dev0017,100.0,53.1,64.5,73.0
2024-04-21 20:42:25,dev001,93.98461538461538,53.1,62.3,76.0
2024-04-21 20:42:25,dev009,100.0,53.0,66.2,73.0
2024-04-21 20:42:25,dev003,100.0,53.1,62.4,73.0
2024-04-21 20:42:25,dev002,98.5,53.1,64.7,70.0
2024-04-21 20:42:25,dev008,100.0,53.1,60.6,76.0
2024-04-21 20:42:25,dev004,100.0,53.1,65.0,75.0
2024-04-21 20:42:25,dev0019,94.65000000000003,53.1,61.2,77.0
2024-04-21 20:42:25,dev0018,98.20000000000002,53.1,56.6,77.0
2024-04-21 20:42:25,dev006,100.0,53.1,62.0,73.0
2024-04-21 20:42:25,dev0013,94.65115207373275,53.1,65.6,72.0
2024-04-21 20:42:25,dev0014,91.64090909090918,53.1,62.0,73.0
2024-04-21 20:42:25,dev0011,95.87500000000004,53.1,62.9,71.0
2024-04-21 20:42:25,dev0015,89.5166666666667,53.2,62.2,72.0
2024-04-21 20:42:25,dev007,100.0,53.1,65.8,77.0
2024-04-21 20:43:30,dev0012,90.48461538461548,53.3,61.7,72.0
2024-04-21 20:43:30,dev000,96.30000000000003,53.3,65.7,72.0
2024-04-21 20:43:30,dev0010,89.78461538461542,53.4,62.1,72.0
2024-04-21 20:43:30,dev0016,93.11666666666666,53.4,65.6,72.0
2024-04-21 20:43:30,dev008,100.0,53.4,62.9,73.0
2024-04-21 20:43:30,dev001,93.98461538461538,53.4,64.2,73.0
2024-04-21 20:43:30,dev003,100.0,53.4,62.5,75.0
2024-04-21 20:43:30,dev0019,94.05000000000004,53.4,62.7,77.0
2024-04-21 20:43:30,dev0017,100.0,53.4,62.3,72.0
2024-04-21 20:43:30,dev009,100.0,53.4,64.1,71.0
2024-04-21 20:43:30,dev002,98.25,53.4,64.3,75.0
2024-04-21 20:43:30,dev005,100.0,53.4,62.9,72.0
2024-04-21 20:43:30,dev004,100.0,53.4,64.8,73.0
2024-04-21 20:43:30,dev0018,97.90000000000002,53.4,62.4,72.0
2024-04-21 20:43:30,dev0011,95.87500000000004,53.4,63.3,72.0
2024-04-21 20:43:30,dev006,100.0,53.4,63.1,72.0
2024-04-21 20:43:30,dev0015,88.9166666666667,53.4,64.9,73.0
2024-04-21 20:43:30,dev0014,91.26590909090918,53.4,61.6,73.0
2024-04-21 20:43:30,dev0013,94.22258064516132,53.4,63.2,75.0
2024-04-21 20:43:30,dev007,100.0,53.4,61.8,76.0
2024-04-21 20:45:00,dev0010,89.78461538461542,53.9,62.4,73.0
2024-04-21 20:45:00,dev0016,92.51666666666667,53.9,63.6,75.0
2024-04-21 20:45:00,dev007,100.0,53.9,62.4,76.0
2024-04-21 20:45:00,dev009,100.0,53.9,65.4,73.0
2024-04-21 20:45:00,dev0019,93.75000000000004,53.9,62.6,71.0
2024-04-21 20:45:00,dev0014,90.78733766233775,53.9,66.1,71.0
2024-04-21 20:45:00,dev000,96.30000000000003,53.9,62.7,71.0
2024-04-21 20:45:00,dev0012,90.48461538461548,53.9,63.2,73.0
2024-04-21 20:45:00,dev002,98.0625,53.9,63.1,74.0
2024-04-21 20:45:00,dev0015,88.4916666666667,54.0,65.5,73.0
2024-04-21 20:45:00,dev0011,95.87500000000004,53.9,59.9,72.0
2024-04-21 20:45:00,dev003,99.4,54.0,62.7,72.0
2024-04-21 20:45:00,dev004,99.61666666666666,54.0,65.5,71.0
2024-04-21 20:45:00,dev0017,99.4,54.1,62.6,75.0
2024-04-21 20:45:00,dev0013,94.22258064516132,54.1,66.0,73.0
2024-04-21 20:45:00,dev0018,97.56666666666669,54.1,62.4,75.0
2024-04-21 20:45:00,dev006,100.0,54.0,62.4,73.0
2024-04-21 20:45:00,dev005,99.75,54.0,62.8,75.0
2024-04-21 20:45:00,dev008,100.0,54.0,65.8,71.0
2024-04-21 20:45:00,dev001,93.98461538461538,54.0,62.8,76.0
2024-04-21 20:46:05,dev0010,89.78461538461542,47.8,59.4,72.0
2024-04-21 20:46:05,dev000,96.30000000000003,41.6,35.3,73.0
