2024-04-20 18:29:15,dev004,100.0,59.9,92.6,68.0
2024-04-20 18:29:15,dev003,100.0,59.8,92.5,69.0
2024-04-20 18:29:15,dev002,100.0,59.7,91.8,69.0
2024-04-20 18:29:15,dev006,100.0,59.6,92.5,69.0
2024-04-20 18:29:15,dev008,100.0,59.6,92.4,69.0
2024-04-20 18:29:15,dev007,100.0,59.7,93.7,69.0
2024-04-20 18:29:15,dev009,100.0,59.6,92.2,69.0
2024-04-20 18:29:15,dev005,100.0,59.6,91.2,68.0
2024-04-20 18:29:15,dev001,99.8125,59.6,92.5,69.0
2024-04-20 18:29:15,dev000,99.4,59.5,91.8,68.0
2024-04-20 18:30:20,dev003,100.0,59.6,91.7,69.0
2024-04-20 18:30:20,dev004,100.0,59.6,91.8,68.0
2024-04-20 18:30:20,dev002,100.0,59.6,92.4,68.0
2024-04-20 18:30:20,dev006,100.0,59.5,91.4,69.0
2024-04-20 18:30:20,dev007,100.0,59.5,92.6,68.0
2024-04-20 18:30:20,dev001,99.625,59.5,92.4,69.0
2024-04-20 18:30:20,dev009,100.0,59.5,92.1,69.0
2024-04-20 18:30:20,dev005,100.0,59.5,91.9,68.0
2024-04-20 18:30:20,dev008,100.0,59.5,91.8,68.0
2024-04-20 18:30:20,dev000,98.80000000000001,59.5,91.9,68.0
2024-04-20 18:31:25,dev003,100.0,60.1,91.4,69.0
2024-04-20 18:31:25,dev004,100.0,60.2,93.0,68.0
2024-04-20 18:31:25,dev002,100.0,60.2,91.4,69.0
2024-04-20 18:31:25,dev006,100.0,60.2,91.8,68.0
2024-04-20 18:31:25,dev001,99.4375,60.2,91.2,68.0
2024-04-20 18:31:25,dev009,100.0,60.2,93.5,69.0
2024-04-20 18:31:25,dev007,100.0,60.3,91.8,68.0
2024-04-20 18:31:25,dev000,98.20000000000002,60.2,91.2,69.0
2024-04-20 18:31:25,dev005,100.0,60.3,92.5,69.0
2024-04-20 18:31:25,dev008,100.0,60.4,91.7,69.0
2024-04-20 18:32:30,dev004,100.0,61.7,92.1,68.0
2024-04-20 18:32:30,dev003,100.0,61.8,91.8,68.0
2024-04-20 18:32:30,dev006,100.0,61.7,90.8,68.0
2024-04-20 18:32:30,dev002,100.0,61.7,91.4,69.0
2024-04-20 18:32:30,dev009,100.0,61.7,92.0,68.0
2024-04-20 18:32:30,dev001,99.25,61.8,91.2,68.0
2024-04-20 18:32:30,dev007,100.0,61.8,91.3,69.0
2024-04-20 18:32:30,dev008,100.0,61.8,92.5,69.0
2024-04-20 18:32:30,dev000,97.60000000000002,61.7,92.3,68.0
2024-04-20 18:32:30,dev005,100.0,61.8,92.4,68.0
2024-04-20 18:33:35,dev003,100.0,63.7,90.2,69.0
2024-04-20 18:33:35,dev004,100.0,63.4,93.0,67.0
2024-04-20 18:33:35,dev002,100.0,63.3,91.7,68.0
2024-04-20 18:33:35,dev006,100.0,63.3,92.8,70.0
2024-04-20 18:33:35,dev001,99.0625,63.4,92.1,69.0
2024-04-20 18:33:35,dev007,100.0,63.7,90.4,68.0
2024-04-20 18:33:35,dev009,100.0,63.7,91.8,68.0
2024-04-20 18:33:35,dev005,100.0,63.6,91.9,68.0
2024-04-20 18:33:35,dev008,100.0,63.6,91.7,68.0
2024-04-20 18:33:35,dev000,97.00000000000003,63.6,91.5,69.0
2024-04-20 18:34:40,dev004,100.0,64.3,91.7,68.0
2024-04-20 18:34:40,dev003,100.0,64.3,91.0,69.0
2024-04-20 18:34:40,dev006,100.0,64.2,90.9,68.0
2024-04-20 18:34:40,dev002,100.0,64.9,90.9,69.0
2024-04-20 18:34:40,dev007,100.0,64.8,94.9,69.0
2024-04-20 18:34:40,dev001,98.875,65.0,94.3,68.0
2024-04-20 18:34:40,dev009,100.0,65.2,96.5,69.0
2024-04-20 18:34:40,dev000,96.40000000000003,65.0,93.8,69.0
2024-04-20 18:34:40,dev005,100.0,65.1,91.0,70.0
2024-04-20 18:34:40,dev008,100.0,65.1,92.4,68.0
2024-04-20 18:35:45,dev003,100.0,63.3,83.3,70.0
2024-04-20 18:35:45,dev004,100.0,64.6,87.4,68.0
2024-04-20 18:35:45,dev002,100.0,65.1,84.3,69.0
2024-04-20 18:35:45,dev006,100.0,63.9,83.3,68.0
2024-04-20 18:35:45,dev001,98.6875,63.3,83.5,69.0
2024-04-20 18:35:45,dev007,100.0,63.3,83.3,69.0
2024-04-20 18:35:45,dev005,100.0,63.1,85.1,69.0
2024-04-20 18:35:45,dev000,95.80000000000004,63.3,81.0,69.0
2024-04-20 18:35:45,dev008,100.0,64.0,81.9,68.0
2024-04-20 18:35:45,dev009,100.0,63.9,83.1,70.0
2024-04-20 18:37:15,dev000,95.80000000000004,66.0,85.2,69.0
2024-04-20 18:37:15,dev003,100.0,66.2,85.7,67.0
2024-04-20 18:37:15,dev006,100.0,65.8,83.0,69.0
2024-04-20 18:37:15,dev008,100.0,65.5,84.7,69.0
2024-04-20 18:37:15,dev009,100.0,65.2,83.5,68.0
2024-04-20 18:37:15,dev007,100.0,65.3,83.6,70.0
2024-04-20 18:37:15,dev004,100.0,65.2,83.1,69.0
2024-04-20 18:37:15,dev005,100.0,65.4,82.1,71.0
2024-04-20 18:37:15,dev001,98.0875,65.8,85.2,69.0
2024-04-20 18:37:15,dev002,99.4,65.9,83.0,69.0
2024-04-20 18:38:20,dev000,95.80000000000004,66.5,85.0,69.0
2024-04-20 18:38:20,dev005,100.0,66.3,83.9,71.0
2024-04-20 18:38:20,dev009,100.0,66.5,84.6,69.0
2024-04-20 18:38:20,dev004,100.0,66.7,87.0,69.0
2024-04-20 18:38:20,dev006,100.0,66.6,85.1,69.0
2024-04-20 18:38:20,dev008,100.0,66.7,84.7,70.0
2024-04-20 18:38:20,dev007,100.0,66.6,84.4,69.0
2024-04-20 18:38:20,dev003,100.0,66.7,85.5,69.0
2024-04-20 18:38:20,dev001,97.48750000000001,67.0,91.8,69.0
2024-04-20 18:38:20,dev002,98.80000000000001,67.0,87.5,69.0
2024-04-20 18:39:25,dev003,100.0,68.5,83.9,69.0
2024-04-20 18:39:25,dev006,100.0,68.4,82.8,69.0
2024-04-20 18:39:25,dev005,100.0,68.4,82.7,70.0
2024-04-20 18:39:25,dev007,100.0,68.4,84.3,69.0
2024-04-20 18:39:25,dev004,100.0,67.6,85.6,70.0
2024-04-20 18:39:25,dev009,100.0,67.5,83.8,70.0
2024-04-20 18:39:25,dev008,100.0,67.6,85.0,68.0
2024-04-20 18:39:25,dev000,95.80000000000004,67.7,84.3,69.0
2024-04-20 18:39:25,dev001,96.88750000000002,67.7,82.9,70.0
2024-04-20 18:39:25,dev002,98.20000000000002,68.4,83.5,69.0
2024-04-20 18:40:30,dev006,100.0,69.1,86.6,71.0
2024-04-20 18:40:30,dev000,95.80000000000004,69.2,85.3,70.0
2024-04-20 18:40:30,dev007,100.0,69.2,87.8,69.0
2024-04-20 18:40:30,dev008,100.0,69.2,85.2,69.0
2024-04-20 18:40:30,dev003,100.0,69.4,89.0,69.0
2024-04-20 18:40:30,dev005,100.0,69.5,85.8,70.0
2024-04-20 18:40:30,dev009,100.0,69.4,83.5,69.0
2024-04-20 18:40:30,dev004,100.0,69.3,83.8,69.0
2024-04-20 18:40:30,dev001,96.28750000000002,69.4,84.2,71.0
2024-04-20 18:40:30,dev002,97.60000000000002,69.5,84.9,69.0
2024-04-20 18:41:35,dev005,100.0,70.7,83.5,69.0
2024-04-20 18:41:35,dev006,100.0,70.9,86.4,69.0
2024-04-20 18:41:35,dev007,100.0,70.9,83.7,70.0
2024-04-20 18:41:35,dev003,100.0,70.9,85.7,69.0
2024-04-20 18:41:35,dev004,100.0,70.9,84.4,70.0
2024-04-20 18:41:35,dev009,100.0,70.8,82.5,70.0
2024-04-20 18:41:35,dev000,95.80000000000004,70.8,84.7,71.0
2024-04-20 18:41:35,dev008,100.0,71.4,89.9,71.0
2024-04-20 18:41:35,dev001,95.68750000000003,71.5,94.2,70.0
2024-04-20 18:41:35,dev002,97.00000000000003,71.5,93.1,70.0
2024-04-20 18:42:40,dev005,100.0,71.7,94.1,70.0
2024-04-20 18:42:40,dev003,100.0,71.6,91.5,70.0
2024-04-20 18:42:40,dev008,100.0,71.6,90.8,70.0
2024-04-20 18:42:40,dev004,100.0,71.6,91.8,70.0
2024-04-20 18:42:40,dev007,100.0,71.6,91.1,69.0
2024-04-20 18:42:40,dev000,95.80000000000004,71.6,90.8,70.0
2024-04-20 18:42:40,dev006,100.0,71.7,91.7,70.0
2024-04-20 18:42:40,dev009,100.0,71.7,91.7,70.0
2024-04-20 18:42:40,dev001,95.08750000000003,71.7,91.2,71.0
2024-04-20 18:42:40,dev002,96.40000000000003,71.7,92.5,70.0
2024-04-20 18:43:45,dev008,100.0,71.9,91.4,71.0
2024-04-20 18:43:45,dev000,95.80000000000004,71.9,92.0,69.0
2024-04-20 18:43:45,dev007,100.0,72.0,90.9,69.0
2024-04-20 18:43:45,dev004,100.0,71.8,91.9,70.0
2024-04-20 18:43:45,dev003,100.0,71.8,92.4,69.0
2024-04-20 18:43:45,dev006,100.0,71.9,91.8,70.0
2024-04-20 18:43:45,dev009,100.0,71.9,92.3,69.0
2024-04-20 18:43:45,dev005,100.0,71.9,92.0,69.0
2024-04-20 18:43:45,dev001,94.48750000000004,71.9,93.5,71.0
2024-04-20 18:43:45,dev002,95.80000000000004,71.8,91.6,70.0
2024-04-20 18:45:15,dev006,99.8125,71.5,91.3,69.0
2024-04-20 18:45:15,dev002,95.20000000000005,71.5,91.4,69.0
2024-04-20 18:45:15,dev000,95.80000000000004,71.5,91.8,70.0
2024-04-20 18:45:15,dev001,94.48750000000004,71.6,92.3,69.0
2024-04-20 18:45:15,dev007,99.66666666666667,71.6,91.7,71.0
2024-04-20 18:45:15,dev003,99.45,71.5,91.8,70.0
2024-04-20 18:45:15,dev005,100.0,71.7,92.4,69.0
2024-04-20 18:45:15,dev004,99.57142857142857,71.6,91.1,70.0
2024-04-20 18:45:15,dev009,99.625,71.7,92.6,70.0
2024-04-20 18:45:15,dev008,100.0,71.7,91.5,69.0
2024-04-20 18:46:20,dev006,99.625,69.5,93.0,70.0
2024-04-20 18:46:20,dev002,94.60000000000005,69.5,91.4,70.0
2024-04-20 18:46:20,dev000,95.80000000000004,69.7,92.5,70.0
2024-04-20 18:46:20,dev001,94.48750000000004,69.8,91.6,69.0
2024-04-20 18:46:20,dev003,98.9,69.7,92.3,70.0
2024-04-20 18:46:20,dev007,99.33333333333334,69.7,92.1,70.0
2024-04-20 18:46:20,dev005,100.0,69.8,91.8,70.0
2024-04-20 18:46:20,dev009,99.25,69.7,91.6,70.0
2024-04-20 18:46:20,dev004,99.14285714285714,69.6,91.3,69.0
2024-04-20 18:46:20,dev008,100.0,69.6,93.6,70.0
2024-04-20 18:47:25,dev006,99.4375,69.7,91.5,70.0
2024-04-20 18:47:25,dev002,94.00000000000006,69.7,92.0,70.0
2024-04-20 18:47:25,dev000,95.80000000000004,69.5,91.6,71.0
2024-04-20 18:47:25,dev003,98.35000000000001,69.6,91.3,69.0
2024-04-20 18:47:25,dev007,99.00000000000001,70.0,94.9,70.0
2024-04-20 18:47:25,dev001,94.48750000000004,70.3,95.1,70.0
2024-04-20 18:47:25,dev005,100.0,70.4,95.1,71.0
2024-04-20 18:47:25,dev009,98.875,70.4,92.3,70.0
2024-04-20 18:47:25,dev004,98.71428571428571,70.5,92.7,70.0
2024-04-20 18:47:25,dev008,100.0,70.5,91.5,71.0
2024-04-20 18:48:30,dev006,99.25,69.3,92.7,70.0
2024-04-20 18:48:30,dev002,93.40000000000006,69.4,93.1,70.0
2024-04-20 18:48:30,dev007,98.66666666666669,69.5,92.7,70.0
2024-04-20 18:48:30,dev003,97.80000000000001,69.9,95.0,71.0
2024-04-20 18:48:30,dev000,95.80000000000004,70.2,96.0,70.0
2024-04-20 18:48:30,dev005,100.0,70.3,95.3,71.0
2024-04-20 18:48:30,dev004,98.28571428571428,70.3,93.4,69.0
2024-04-20 18:48:30,dev001,94.48750000000004,70.3,94.6,69.0
2024-04-20 18:48:30,dev009,98.5,70.4,92.6,70.0
2024-04-20 18:48:30,dev008,100.0,69.5,93.6,70.0
2024-04-20 18:49:35,dev002,92.80000000000007,70.4,95.4,70.0
2024-04-20 18:49:35,dev006,99.0625,70.4,93.4,70.0
2024-04-20 18:49:35,dev003,97.25000000000001,70.4,93.3,69.0
2024-04-20 18:49:35,dev007,98.33333333333336,70.4,92.5,71.0
2024-04-20 18:49:35,dev001,94.48750000000004,69.5,93.2,69.0
2024-04-20 18:49:35,dev005,100.0,69.5,92.0,69.0
2024-04-20 18:49:35,dev004,97.85714285714285,69.5,91.7,69.0
2024-04-20 18:49:35,dev000,95.80000000000004,69.8,93.0,71.0
2024-04-20 18:49:35,dev009,98.125,69.6,95.8,71.0
2024-04-20 18:49:35,dev008,100.0,69.8,94.1,70.0
2024-04-20 18:50:40,dev006,98.875,68.0,91.8,71.0
2024-04-20 18:50:40,dev002,92.20000000000007,68.0,92.0,71.0
2024-04-20 18:50:40,dev007,98.00000000000003,68.2,91.9,69.0
2024-04-20 18:50:40,dev003,96.70000000000002,68.2,92.0,69.0
2024-04-20 18:50:40,dev004,97.42857142857142,68.0,91.4,69.0
2024-04-20 18:50:40,dev005,100.0,68.0,91.9,70.0
2024-04-20 18:50:40,dev001,94.48750000000004,68.0,91.6,70.0
2024-04-20 18:50:40,dev009,97.75,68.0,92.4,69.0
2024-04-20 18:50:40,dev000,95.80000000000004,68.1,91.5,70.0
2024-04-20 18:50:40,dev008,100.0,68.1,91.3,70.0
2024-04-20 18:51:45,dev006,98.6875,68.2,92.2,71.0
2024-04-20 18:51:45,dev002,91.60000000000008,68.2,92.6,71.0
2024-04-20 18:51:45,dev003,96.15000000000002,68.4,91.4,69.0
2024-04-20 18:51:45,dev007,97.6666666666667,68.4,91.4,70.0
2024-04-20 18:51:45,dev004,96.99999999999999,68.3,92.5,71.0
2024-04-20 18:51:45,dev005,100.0,68.3,92.6,70.0
2024-04-20 18:51:45,dev001,94.48750000000004,68.3,92.7,71.0
2024-04-20 18:51:45,dev009,97.375,68.4,91.6,70.0
2024-04-20 18:51:45,dev000,95.80000000000004,68.5,92.5,70.0
2024-04-20 18:51:45,dev008,100.0,68.4,92.0,69.0
2024-04-20 18:53:15,dev000,95.42500000000004,68.5,91.6,71.0
2024-04-20 18:53:15,dev001,94.30000000000004,68.5,91.7,70.0
2024-04-20 18:53:15,dev008,99.94339622641509,68.5,91.2,70.0
2024-04-20 18:53:15,dev006,98.6875,68.5,90.9,70.0
2024-04-20 18:53:15,dev002,91.60000000000008,68.5,92.3,70.0
2024-04-20 18:53:15,dev007,97.18809523809527,68.5,92.1,71.0
2024-04-20 18:53:15,dev009,97.23214285714286,68.5,91.2,70.0
2024-04-20 18:53:15,dev003,96.15000000000002,68.5,90.9,70.0
2024-04-20 18:53:15,dev005,100.0,68.5,92.3,71.0
2024-04-20 18:53:15,dev004,96.39999999999999,68.5,91.3,70.0
2024-04-20 18:54:20,dev000,95.05000000000004,68.6,91.3,71.0
2024-04-20 18:54:20,dev006,98.6875,68.7,91.1,71.0
2024-04-20 18:54:20,dev002,91.60000000000008,68.7,91.2,69.0
2024-04-20 18:54:20,dev007,96.70952380952384,68.7,91.4,71.0
2024-04-20 18:54:20,dev008,99.88679245283018,68.5,91.8,70.0
2024-04-20 18:54:20,dev001,94.11250000000004,68.6,90.5,72.0
2024-04-20 18:54:20,dev003,96.15000000000002,68.7,91.3,70.0
2024-04-20 18:54:20,dev009,97.08928571428572,68.7,91.8,70.0
2024-04-20 18:54:20,dev005,100.0,68.7,90.1,69.0
2024-04-20 18:54:20,dev004,95.8,68.7,92.0,70.0
2024-04-20 18:55:25,dev000,94.67500000000004,69.1,91.3,71.0
2024-04-20 18:55:25,dev001,93.92500000000004,69.0,91.1,71.0
2024-04-20 18:55:25,dev002,91.60000000000008,69.1,92.4,71.0
2024-04-20 18:55:25,dev008,99.83018867924527,69.0,92.1,70.0
2024-04-20 18:55:25,dev006,98.6875,69.1,90.6,70.0
2024-04-20 18:55:25,dev007,96.23095238095242,69.1,90.8,71.0
2024-04-20 18:55:25,dev009,96.94642857142858,69.1,92.0,70.0
2024-04-20 18:55:25,dev003,96.15000000000002,69.1,90.8,70.0
2024-04-20 18:55:25,dev004,95.2,69.2,91.6,71.0
2024-04-20 18:55:25,dev005,100.0,69.0,91.1,70.0
2024-04-20 18:56:30,dev000,94.30000000000004,69.4,92.1,71.0
2024-04-20 18:56:30,dev002,91.60000000000008,69.4,91.7,71.0
2024-04-20 18:56:30,dev001,93.73750000000004,69.4,91.7,70.0
2024-04-20 18:56:30,dev008,99.77358490566036,69.3,91.7,71.0
2024-04-20 18:56:30,dev006,98.6875,69.5,92.4,70.0
2024-04-20 18:56:30,dev007,95.75238095238099,69.5,92.5,70.0
2024-04-20 18:56:30,dev003,96.15000000000002,69.5,91.4,71.0
2024-04-20 18:56:30,dev009,96.80357142857144,69.5,90.7,70.0
2024-04-20 18:56:30,dev005,100.0,69.5,91.2,71.0
2024-04-20 18:56:30,dev004,94.60000000000001,69.4,92.1,70.0
2024-04-20 18:57:35,dev000,93.92500000000004,69.7,91.4,70.0
2024-04-20 18:57:35,dev008,99.71698113207545,69.6,92.0,70.0
2024-04-20 18:57:35,dev007,95.27380952380956,69.7,92.0,71.0
2024-04-20 18:57:35,dev002,91.60000000000008,69.7,91.2,71.0
2024-04-20 18:57:35,dev001,93.55000000000004,69.7,90.8,71.0
2024-04-20 18:57:35,dev006,98.6875,69.7,91.3,71.0
2024-04-20 18:57:35,dev003,96.15000000000002,69.7,92.3,70.0
2024-04-20 18:57:35,dev009,96.6607142857143,69.7,91.0,71.0
2024-04-20 18:57:35,dev004,94.00000000000001,69.7,91.9,69.0
2024-04-20 18:57:35,dev005,100.0,69.8,91.3,70.0
2024-04-20 18:58:40,dev000,93.55000000000004,70.1,93.1,70.0
2024-04-20 18:58:40,dev008,99.66037735849054,70.1,91.5,71.0
2024-04-20 18:58:40,dev007,94.79523809523813,70.2,91.5,71.0
2024-04-20 18:58:40,dev001,93.36250000000004,70.3,92.2,71.0
2024-04-20 18:58:40,dev003,96.15000000000002,70.3,91.4,71.0
2024-04-20 18:58:40,dev009,96.51785714285717,70.2,91.4,71.0
2024-04-20 18:58:40,dev006,98.6875,70.2,90.8,71.0
2024-04-20 18:58:40,dev004,93.40000000000002,70.2,92.3,69.0
2024-04-20 18:58:40,dev002,91.60000000000008,70.2,91.0,71.0
2024-04-20 18:58:40,dev005,100.0,70.2,92.4,70.0
2024-04-20 18:59:45,dev000,93.17500000000004,70.2,91.9,71.0
2024-04-20 18:59:45,dev007,94.3166666666667,70.1,91.9,70.0
2024-04-20 18:59:45,dev001,93.17500000000004,70.3,92.2,71.0
2024-04-20 18:59:45,dev008,99.60377358490562,70.3,91.0,70.0
2024-04-20 18:59:45,dev003,96.15000000000002,70.2,90.7,71.0
2024-04-20 18:59:45,dev006,98.6875,70.2,90.9,70.0
2024-04-20 18:59:45,dev009,96.37500000000003,70.1,92.5,70.0
2024-04-20 18:59:45,dev002,91.60000000000008,70.2,91.3,69.0
2024-04-20 18:59:45,dev004,92.80000000000003,70.2,92.7,70.0
2024-04-20 18:59:45,dev005,100.0,70.2,91.4,70.0
2024-04-20 19:01:15,dev005,99.5,70.3,92.5,70.0
2024-04-20 19:01:15,dev006,98.6875,70.3,91.2,70.0
2024-04-20 19:01:15,dev003,96.15000000000002,70.4,91.9,69.0
2024-04-20 19:01:15,dev001,93.17500000000004,70.4,91.3,70.0
2024-04-20 19:01:15,dev002,91.22500000000008,70.3,91.4,71.0
2024-04-20 19:01:15,dev007,94.3166666666667,70.4,91.2,70.0
2024-04-20 19:01:15,dev000,92.7416666666667,70.4,92.2,71.0
2024-04-20 19:01:15,dev004,92.80000000000003,70.4,90.9,70.0
2024-04-20 19:01:15,dev008,99.1252021563342,70.4,92.4,70.0
2024-04-20 19:01:15,dev009,95.77500000000003,71.0,94.5,70.0
2024-04-20 19:02:20,dev006,98.6875,70.7,92.2,70.0
2024-04-20 19:02:20,dev005,99.0,70.8,91.3,71.0
2024-04-20 19:02:20,dev007,94.3166666666667,70.8,91.0,70.0
2024-04-20 19:02:20,dev002,90.85000000000008,70.7,91.7,70.0
2024-04-20 19:02:20,dev003,96.15000000000002,70.6,91.6,70.0
2024-04-20 19:02:20,dev000,92.30833333333337,70.7,91.5,69.0
2024-04-20 19:02:20,dev004,92.80000000000003,70.8,91.1,70.0
2024-04-20 19:02:20,dev008,98.64663072776277,70.8,92.1,71.0
2024-04-20 19:02:20,dev001,93.17500000000004,70.8,91.3,70.0
2024-04-20 19:02:20,dev009,95.17500000000004,70.8,93.6,70.0
2024-04-20 19:03:25,dev006,98.6875,70.8,91.0,71.0
2024-04-20 19:03:25,dev005,98.5,70.8,91.7,70.0
2024-04-20 19:03:25,dev002,90.47500000000008,71.2,94.4,71.0
2024-04-20 19:03:25,dev007,94.3166666666667,71.6,93.6,71.0
2024-04-20 19:03:25,dev000,91.87500000000003,71.8,93.9,70.0
2024-04-20 19:03:25,dev003,96.15000000000002,71.8,91.7,70.0
2024-04-20 19:03:25,dev009,94.57500000000005,71.8,92.8,70.0
2024-04-20 19:03:25,dev001,93.17500000000004,71.9,91.6,71.0
2024-04-20 19:03:25,dev008,98.16805929919134,71.7,92.8,70.0
2024-04-20 19:03:25,dev004,92.80000000000003,71.5,91.3,71.0
2024-04-20 19:04:30,dev006,98.6875,71.2,92.0,70.0
2024-04-20 19:04:30,dev005,98.0,71.3,91.0,71.0
2024-04-20 19:04:30,dev002,90.10000000000008,71.3,90.7,71.0
2024-04-20 19:04:30,dev008,97.68948787061991,71.3,92.5,71.0
2024-04-20 19:04:30,dev003,96.15000000000002,71.3,91.8,70.0
2024-04-20 19:04:30,dev007,94.3166666666667,71.3,91.3,70.0
2024-04-20 19:04:30,dev001,93.17500000000004,71.3,90.9,71.0
2024-04-20 19:04:30,dev009,93.97500000000005,71.3,92.1,69.0
2024-04-20 19:04:30,dev000,91.44166666666669,71.3,90.9,69.0
2024-04-20 19:04:30,dev004,92.80000000000003,71.3,92.0,70.0
2024-04-20 19:05:35,dev002,89.72500000000008,71.5,91.3,70.0
2024-04-20 19:05:35,dev006,98.6875,71.4,91.3,70.0
2024-04-20 19:05:35,dev005,97.5,71.6,93.1,71.0
2024-04-20 19:05:35,dev008,97.21091644204849,71.5,90.9,71.0
2024-04-20 19:05:35,dev000,91.00833333333335,71.5,91.0,70.0
2024-04-20 19:05:35,dev001,93.17500000000004,71.5,90.4,70.0
2024-04-20 19:05:35,dev007,94.3166666666667,71.5,92.3,71.0
2024-04-20 19:05:35,dev003,96.15000000000002,71.5,91.2,71.0
2024-04-20 19:05:35,dev004,92.80000000000003,71.5,92.6,71.0
2024-04-20 19:05:35,dev009,93.37500000000006,71.5,91.0,72.0
2024-04-20 19:06:40,dev002,89.35000000000008,71.7,92.0,70.0
2024-04-20 19:06:40,dev006,98.6875,71.7,91.0,71.0
2024-04-20 19:06:40,dev005,97.0,71.8,92.6,71.0
2024-04-20 19:06:40,dev003,96.15000000000002,72.0,94.5,70.0
2024-04-20 19:06:40,dev007,94.3166666666667,73.0,91.5,69.0
2024-04-20 19:06:40,dev000,90.57500000000002,73.0,92.0,69.0
2024-04-20 19:06:40,dev008,96.73234501347706,73.5,90.0,70.0
2024-04-20 19:06:40,dev001,93.17500000000004,73.5,92.3,70.0
2024-04-20 19:06:40,dev004,92.80000000000003,73.0,90.3,70.0
2024-04-20 19:06:40,dev009,92.77500000000006,73.5,90.7,70.0
2024-04-20 19:07:45,dev005,96.5,72.9,91.8,70.0
2024-04-20 19:07:45,dev002,88.97500000000008,73.6,91.9,70.0
2024-04-20 19:07:45,dev000,90.14166666666668,73.9,89.4,71.0
2024-04-20 19:07:45,dev003,96.15000000000002,73.7,90.8,71.0
2024-04-20 19:07:45,dev008,96.25377358490563,73.5,92.3,71.0
2024-04-20 19:07:45,dev006,98.6875,73.6,91.5,70.0
2024-04-20 19:07:45,dev001,93.17500000000004,73.6,90.7,70.0
2024-04-20 19:07:45,dev007,94.3166666666667,73.6,90.6,70.0
2024-04-20 19:07:45,dev009,92.17500000000007,73.7,91.8,70.0
2024-04-20 19:07:45,dev004,92.80000000000003,73.5,91.0,71.0
2024-04-20 19:09:15,dev005,96.5,68.2,91.3,70.0
2024-04-20 19:09:15,dev000,89.54166666666669,68.1,90.8,71.0
2024-04-20 19:09:15,dev007,93.98333333333338,68.1,92.3,71.0
2024-04-20 19:09:15,dev006,98.1875,68.1,91.2,71.0
2024-04-20 19:09:15,dev002,88.64166666666675,68.2,92.3,71.0
2024-04-20 19:09:15,dev008,96.25377358490563,68.2,91.0,71.0
2024-04-20 19:09:15,dev004,92.80000000000003,68.2,90.8,70.0
2024-04-20 19:09:15,dev001,93.0321428571429,68.2,91.0,70.0
2024-04-20 19:09:15,dev003,96.15000000000002,68.2,92.1,71.0
2024-04-20 19:09:15,dev009,91.80000000000007,68.2,91.2,70.0
2024-04-20 19:10:20,dev002,88.30833333333342,68.5,91.5,71.0
2024-04-20 19:10:20,dev000,88.94166666666669,68.5,91.3,70.0
2024-04-20 19:10:20,dev005,96.5,68.5,90.7,70.0
2024-04-20 19:10:20,dev008,96.25377358490563,68.6,91.9,71.0
2024-04-20 19:10:20,dev007,93.65000000000005,68.5,90.8,71.0
2024-04-20 19:10:20,dev006,97.6875,68.6,92.4,70.0
2024-04-20 19:10:20,dev004,92.80000000000003,68.5,91.0,71.0
2024-04-20 19:10:20,dev003,96.15000000000002,68.6,90.9,71.0
2024-04-20 19:10:20,dev001,92.88928571428576,68.5,91.1,70.0
2024-04-20 19:10:20,dev009,91.42500000000007,68.5,92.6,71.0
2024-04-20 19:11:25,dev007,93.31666666666672,67.5,90.8,70.0
2024-04-20 19:11:25,dev005,96.5,67.5,92.2,71.0
2024-04-20 19:11:25,dev008,96.25377358490563,67.5,91.7,70.0
2024-04-20 19:11:25,dev002,87.9750000000001,67.5,90.9,71.0
2024-04-20 19:11:25,dev000,88.3416666666667,67.3,91.1,70.0
2024-04-20 19:11:25,dev009,91.05000000000007,67.4,91.0,71.0
2024-04-20 19:11:25,dev003,96.15000000000002,67.3,92.2,71.0
2024-04-20 19:11:25,dev004,92.80000000000003,67.1,91.1,70.0
2024-04-20 19:11:25,dev006,97.1875,67.1,91.3,71.0
2024-04-20 19:11:25,dev001,92.74642857142862,66.9,90.8,70.0
2024-04-20 19:12:30,dev005,96.5,64.7,91.1,71.0
2024-04-20 19:12:30,dev008,96.25377358490563,64.6,92.2,70.0
2024-04-20 19:12:30,dev000,87.7416666666667,64.7,91.2,70.0
2024-04-20 19:12:30,dev007,92.98333333333339,64.6,91.3,70.0
2024-04-20 19:12:30,dev002,87.64166666666677,64.6,91.2,70.0
2024-04-20 19:12:30,dev004,92.80000000000003,64.6,91.7,70.0
2024-04-20 19:12:30,dev009,90.67500000000007,64.6,90.5,71.0
2024-04-20 19:12:30,dev006,96.6875,64.6,90.9,71.0
2024-04-20 19:12:30,dev003,96.15000000000002,64.5,90.7,71.0
2024-04-20 19:12:30,dev001,92.60357142857148,64.5,92.0,70.0
2024-04-20 19:13:35,dev007,92.65000000000006,63.2,91.9,70.0
2024-04-20 19:13:35,dev008,96.25377358490563,63.2,90.7,70.0
2024-04-20 19:13:35,dev000,87.14166666666671,63.2,91.3,71.0
2024-04-20 19:13:35,dev002,87.30833333333344,63.1,90.9,71.0
2024-04-20 19:13:35,dev005,96.5,63.2,92.3,71.0
2024-04-20 19:13:35,dev004,92.80000000000003,63.1,89.8,70.0
2024-04-20 19:13:35,dev009,90.30000000000007,63.1,90.3,70.0
2024-04-20 19:13:35,dev003,96.15000000000002,63.1,90.5,70.0
2024-04-20 19:13:35,dev006,96.1875,63.1,91.4,71.0
2024-04-20 19:13:35,dev001,92.46071428571435,63.1,90.6,71.0
2024-04-20 19:14:40,dev007,92.31666666666673,63.3,90.2,71.0
2024-04-20 19:14:40,dev000,86.54166666666671,63.1,90.9,70.0
2024-04-20 19:14:40,dev005,96.5,63.3,90.7,70.0
2024-04-20 19:14:40,dev008,96.25377358490563,63.3,92.0,70.0
2024-04-20 19:14:40,dev009,89.92500000000007,63.3,91.3,70.0
2024-04-20 19:14:40,dev002,86.97500000000011,63.3,90.6,70.0
2024-04-20 19:14:40,dev004,92.80000000000003,63.3,91.1,71.0
2024-04-20 19:14:40,dev006,95.6875,63.3,92.3,70.0
2024-04-20 19:14:40,dev003,96.15000000000002,63.3,90.9,70.0
2024-04-20 19:14:40,dev001,92.3178571428572,63.3,91.2,70.0
2024-04-20 19:15:45,dev007,91.9833333333334,63.3,92.2,69.0
2024-04-20 19:15:45,dev000,85.94166666666672,63.3,90.7,70.0
2024-04-20 19:15:45,dev008,96.25377358490563,63.4,91.2,69.0
2024-04-20 19:15:45,dev005,96.5,63.4,91.5,70.0
2024-04-20 19:15:45,dev004,92.80000000000003,63.4,92.1,70.0
2024-04-20 19:15:45,dev002,86.64166666666678,63.5,90.7,70.0
2024-04-20 19:15:45,dev009,89.55000000000007,63.5,90.6,70.0
2024-04-20 19:15:45,dev006,95.1875,63.5,90.4,69.0
2024-04-20 19:15:45,dev003,96.15000000000002,63.5,91.8,70.0
2024-04-20 19:15:45,dev001,92.17500000000007,63.5,90.3,70.0
2024-04-20 19:17:15,dev007,91.4833333333334,63.8,90.4,70.0
2024-04-20 19:17:15,dev000,85.51666666666672,63.8,90.4,69.0
2024-04-20 19:17:15,dev002,86.21309523809535,63.8,91.7,70.0
2024-04-20 19:17:15,dev005,96.5,63.8,91.2,69.0
2024-04-20 19:17:15,dev006,95.1875,63.9,92.0,70.0
2024-04-20 19:17:15,dev009,89.55000000000007,63.7,90.9,70.0
2024-04-20 19:17:15,dev004,92.80000000000003,63.7,92.4,70.0
2024-04-20 19:17:15,dev003,95.81666666666669,63.8,91.0,69.0
2024-04-20 19:17:15,dev008,96.25377358490563,63.8,90.6,69.0
2024-04-20 19:17:15,dev001,91.57500000000007,63.8,90.6,69.0
2024-04-20 19:18:20,dev000,85.09166666666673,64.0,91.4,71.0
2024-04-20 19:18:20,dev007,90.9833333333334,63.9,92.3,70.0
2024-04-20 19:18:20,dev005,96.5,64.0,91.6,69.0
2024-04-20 19:18:20,dev009,89.55000000000007,64.0,91.1,71.0
2024-04-20 19:18:20,dev003,95.48333333333336,64.1,91.0,71.0
2024-04-20 19:18:20,dev004,92.80000000000003,64.1,93.4,70.0
2024-04-20 19:18:20,dev006,95.1875,63.9,91.0,70.0
2024-04-20 19:18:20,dev002,85.78452380952392,64.0,90.7,71.0
2024-04-20 19:18:20,dev001,90.97500000000008,64.0,91.2,70.0
2024-04-20 19:18:20,dev008,96.25377358490563,64.0,92.0,71.0
2024-04-20 19:19:25,dev000,84.66666666666673,64.3,91.5,70.0
2024-04-20 19:19:25,dev007,90.4833333333334,64.2,90.9,71.0
2024-04-20 19:19:25,dev003,95.15000000000003,64.3,91.5,69.0
2024-04-20 19:19:25,dev004,92.80000000000003,64.3,90.8,70.0
2024-04-20 19:19:25,dev006,95.1875,64.3,92.2,69.0
2024-04-20 19:19:25,dev009,89.55000000000007,64.3,91.7,71.0
2024-04-20 19:19:25,dev002,85.35595238095249,64.3,90.7,69.0
2024-04-20 19:19:25,dev005,96.5,64.3,90.1,70.0
2024-04-20 19:19:25,dev008,96.25377358490563,64.6,94.8,70.0
2024-04-20 19:19:25,dev001,90.37500000000009,64.3,95.0,69.0
2024-04-20 19:20:30,dev000,84.24166666666673,64.5,91.3,72.0
2024-04-20 19:20:30,dev007,89.9833333333334,64.6,93.2,70.0
2024-04-20 19:20:30,dev006,95.1875,64.9,94.1,70.0
2024-04-20 19:20:30,dev003,94.8166666666667,65.2,95.5,69.0
2024-04-20 19:20:30,dev005,96.5,65.3,92.6,70.0
2024-04-20 19:20:30,dev002,84.92738095238106,65.4,91.5,69.0
2024-04-20 19:20:30,dev009,89.55000000000007,65.4,90.3,69.0
2024-04-20 19:20:30,dev004,92.80000000000003,65.4,91.8,69.0
2024-04-20 19:20:30,dev008,96.25377358490563,65.4,90.4,69.0
2024-04-20 19:20:30,dev001,89.77500000000009,64.6,92.9,69.0
2024-04-20 19:21:35,dev000,83.81666666666673,64.7,90.5,70.0
2024-04-20 19:21:35,dev007,89.4833333333334,64.6,91.1,69.0
2024-04-20 19:21:35,dev005,96.5,64.6,91.8,70.0
2024-04-20 19:21:35,dev009,89.55000000000007,64.7,90.3,70.0
2024-04-20 19:21:35,dev006,95.1875,64.7,91.8,70.0
2024-04-20 19:21:35,dev002,84.49880952380963,64.6,90.0,70.0
2024-04-20 19:21:35,dev003,94.48333333333338,64.7,91.5,71.0
2024-04-20 19:21:35,dev004,92.80000000000003,64.7,90.2,71.0
2024-04-20 19:21:35,dev001,89.1750000000001,64.7,90.6,71.0
2024-04-20 19:21:35,dev008,96.25377358490563,64.7,89.8,71.0
2024-04-20 19:22:40,dev000,83.39166666666674,64.9,90.1,70.0
2024-04-20 19:22:40,dev007,88.9833333333334,64.9,92.3,71.0
2024-04-20 19:22:40,dev009,89.55000000000007,65.0,90.8,70.0
2024-04-20 19:22:40,dev005,96.5,65.0,90.6,70.0
2024-04-20 19:22:40,dev002,84.0702380952382,65.1,91.0,71.0
2024-04-20 19:22:40,dev006,95.1875,65.1,92.0,70.0
2024-04-20 19:22:40,dev001,88.5750000000001,65.0,90.5,69.0
2024-04-20 19:22:40,dev003,94.15000000000005,65.0,92.2,70.0
2024-04-20 19:22:40,dev004,92.80000000000003,65.0,90.6,69.0
2024-04-20 19:22:40,dev008,96.25377358490563,65.0,91.6,69.0
2024-04-20 19:23:45,dev000,82.96666666666674,65.1,91.9,69.0
2024-04-20 19:23:45,dev007,88.4833333333334,65.0,91.2,69.0
2024-04-20 19:23:45,dev009,89.55000000000007,65.2,91.8,70.0
2024-04-20 19:23:45,dev002,83.64166666666677,65.2,90.4,70.0
2024-04-20 19:23:45,dev005,96.5,65.2,90.8,70.0
2024-04-20 19:23:45,dev004,92.80000000000003,65.2,90.5,69.0
2024-04-20 19:23:45,dev001,87.97500000000011,65.2,91.1,69.0
2024-04-20 19:23:45,dev006,95.1875,65.2,90.4,69.0
2024-04-20 19:23:45,dev003,93.81666666666672,65.2,90.9,69.0
2024-04-20 19:23:45,dev008,96.25377358490563,65.1,90.5,70.0
2024-04-20 19:25:15,dev007,88.4833333333334,65.6,90.3,69.0
2024-04-20 19:25:15,dev002,83.04166666666677,65.6,90.4,69.0
2024-04-20 19:25:15,dev004,92.3214285714286,65.5,92.4,69.0
2024-04-20 19:25:15,dev000,82.46666666666674,65.6,91.1,69.0
2024-04-20 19:25:15,dev009,89.40714285714293,65.6,92.0,69.0
2024-04-20 19:25:15,dev006,95.1875,65.6,91.6,68.0
2024-04-20 19:25:15,dev001,87.97500000000011,65.6,92.6,70.0
2024-04-20 19:25:15,dev003,93.81666666666672,65.5,91.0,69.0
2024-04-20 19:25:15,dev008,96.19716981132072,65.6,91.0,69.0
2024-04-20 19:25:15,dev005,96.5,65.5,91.3,69.0
2024-04-20 19:26:20,dev007,88.4833333333334,65.7,91.1,69.0
2024-04-20 19:26:20,dev004,91.84285714285717,65.7,90.8,68.0
2024-04-20 19:26:20,dev000,81.96666666666674,65.7,90.5,70.0
2024-04-20 19:26:20,dev002,82.44166666666678,65.7,92.2,70.0
2024-04-20 19:26:20,dev009,89.26428571428579,65.7,91.1,69.0
2024-04-20 19:26:20,dev006,95.1875,65.8,91.7,69.0
2024-04-20 19:26:20,dev008,96.14056603773581,65.8,90.6,71.0
2024-04-20 19:26:20,dev001,87.97500000000011,65.8,92.3,70.0
2024-04-20 19:26:20,dev003,93.81666666666672,65.8,90.2,69.0
2024-04-20 19:26:20,dev005,96.5,65.8,90.4,70.0
2024-04-20 19:27:25,dev007,88.4833333333334,66.0,90.8,70.0
2024-04-20 19:27:25,dev000,81.46666666666674,66.1,91.3,69.0
2024-04-20 19:27:25,dev002,81.84166666666678,66.1,91.8,69.0
2024-04-20 19:27:25,dev004,91.36428571428574,66.1,91.2,69.0
2024-04-20 19:27:25,dev009,89.12142857142865,66.0,91.5,69.0
2024-04-20 19:27:25,dev006,95.1875,66.0,90.7,69.0
2024-04-20 19:27:25,dev003,93.81666666666672,66.0,92.3,69.0
2024-04-20 19:27:25,dev008,96.0839622641509,66.0,90.8,69.0
2024-04-20 19:27:25,dev001,87.97500000000011,65.9,90.8,69.0
2024-04-20 19:27:25,dev005,96.5,66.0,90.7,69.0
2024-04-20 19:28:30,dev004,90.88571428571431,66.3,91.3,71.0
2024-04-20 19:28:30,dev007,88.4833333333334,66.3,91.6,69.0
2024-04-20 19:28:30,dev002,81.24166666666679,66.3,90.7,70.0
2024-04-20 19:28:30,dev000,80.96666666666674,66.3,92.4,69.0
2024-04-20 19:28:30,dev003,93.81666666666672,66.3,90.5,70.0
2024-04-20 19:28:30,dev009,88.97857142857151,66.3,91.7,70.0
2024-04-20 19:28:30,dev008,96.02735849056599,66.3,90.7,69.0
2024-04-20 19:28:30,dev006,95.1875,66.3,91.8,69.0
2024-04-20 19:28:30,dev005,96.5,66.3,90.6,69.0
2024-04-20 19:28:30,dev001,87.97500000000011,66.3,90.6,69.0
2024-04-20 19:29:35,dev004,90.40714285714289,65.0,90.9,69.0
2024-04-20 19:29:35,dev002,80.6416666666668,65.0,91.0,69.0
2024-04-20 19:29:35,dev000,80.46666666666674,65.1,92.2,69.0
2024-04-20 19:29:35,dev007,88.4833333333334,65.1,90.0,70.0
2024-04-20 19:29:35,dev008,95.97075471698108,65.1,91.5,69.0
2024-04-20 19:29:35,dev003,93.81666666666672,65.0,90.8,70.0
2024-04-20 19:29:35,dev009,88.83571428571437,65.0,92.1,70.0
2024-04-20 19:29:35,dev001,87.97500000000011,65.1,90.5,70.0
2024-04-20 19:29:35,dev006,95.1875,65.0,90.2,70.0
2024-04-20 19:29:35,dev005,96.5,65.1,91.0,69.0
2024-04-20 19:30:40,dev004,89.92857142857146,66.0,91.3,69.0
2024-04-20 19:30:40,dev002,80.0416666666668,66.0,91.0,69.0
2024-04-20 19:30:40,dev000,79.96666666666674,65.2,91.9,69.0
2024-04-20 19:30:40,dev007,88.4833333333334,65.2,92.1,71.0
2024-04-20 19:30:40,dev008,95.91415094339617,65.2,91.4,70.0
2024-04-20 19:30:40,dev009,88.69285714285724,65.2,92.4,69.0
2024-04-20 19:30:40,dev003,93.81666666666672,65.2,90.4,69.0
2024-04-20 19:30:40,dev005,96.5,65.2,90.8,69.0
2024-04-20 19:30:40,dev001,87.97500000000011,65.2,90.7,70.0
2024-04-20 19:30:40,dev006,95.1875,65.2,92.7,69.0
2024-04-20 19:31:45,dev002,79.4416666666668,65.3,92.4,69.0
2024-04-20 19:31:45,dev004,89.45000000000003,65.3,91.4,69.0
2024-04-20 19:31:45,dev000,79.46666666666674,65.4,91.4,68.0
2024-04-20 19:31:45,dev009,88.5500000000001,65.4,91.5,70.0
2024-04-20 19:31:45,dev008,95.85754716981126,65.6,94.2,69.0
2024-04-20 19:31:45,dev005,96.5,65.9,93.8,69.0
2024-04-20 19:31:45,dev003,93.81666666666672,66.2,95.9,69.0
2024-04-20 19:31:45,dev001,87.97500000000011,66.3,92.9,69.0
2024-04-20 19:31:45,dev006,95.1875,66.3,93.1,71.0
2024-04-20 19:31:45,dev007,88.4833333333334,66.3,91.6,69.0
2024-04-20 19:33:15,dev009,88.1750000000001,65.3,91.3,69.0
2024-04-20 19:33:15,dev005,96.5,65.4,91.1,70.0
2024-04-20 19:33:15,dev008,95.85754716981126,65.3,92.0,69.0
2024-04-20 19:33:15,dev003,93.81666666666672,65.3,91.2,69.0
2024-04-20 19:33:15,dev006,95.0,65.3,92.0,70.0
2024-04-20 19:33:15,dev004,88.85000000000004,65.3,91.3,70.0
2024-04-20 19:33:15,dev007,88.00476190476198,65.3,91.9,71.0
2024-04-20 19:33:15,dev002,78.9416666666668,65.3,90.9,69.0
2024-04-20 19:33:15,dev000,79.0333333333334,65.4,92.3,70.0
2024-04-20 19:33:15,dev001,87.97500000000011,65.3,91.2,70.0
2024-04-20 19:34:20,dev009,87.8000000000001,65.3,91.1,70.0
2024-04-20 19:34:20,dev008,95.85754716981126,65.3,92.7,69.0
2024-04-20 19:34:20,dev005,96.5,65.3,91.9,69.0
2024-04-20 19:34:20,dev003,93.81666666666672,65.3,92.0,69.0
2024-04-20 19:34:20,dev006,94.8125,65.3,91.1,71.0
2024-04-20 19:34:20,dev002,78.4416666666668,65.4,91.2,69.0
2024-04-20 19:34:20,dev004,88.25000000000004,65.4,91.2,70.0
2024-04-20 19:34:20,dev000,78.60000000000007,65.4,91.9,69.0
2024-04-20 19:34:20,dev007,87.52619047619055,65.3,91.3,69.0
2024-04-20 19:34:20,dev001,87.97500000000011,65.3,92.3,69.0
2024-04-20 19:35:25,dev009,87.4250000000001,65.7,92.5,71.0
2024-04-20 19:35:25,dev003,93.81666666666672,65.7,90.8,70.0
2024-04-20 19:35:25,dev005,96.5,65.7,92.0,70.0
2024-04-20 19:35:25,dev006,94.625,65.7,91.1,71.0
2024-04-20 19:35:25,dev008,95.85754716981126,65.7,92.6,70.0
2024-04-20 19:35:25,dev002,77.9416666666668,65.7,91.1,70.0
2024-04-20 19:35:25,dev007,87.04761904761912,65.7,91.1,70.0
2024-04-20 19:35:25,dev000,78.16666666666673,65.7,90.2,70.0
2024-04-20 19:35:25,dev004,87.65000000000005,65.7,92.0,71.0
2024-04-20 19:35:25,dev001,87.97500000000011,65.7,90.8,70.0
2024-04-20 19:36:30,dev009,87.0500000000001,65.8,90.8,71.0
2024-04-20 19:36:30,dev008,95.85754716981126,65.8,91.2,70.0
2024-04-20 19:36:30,dev006,94.4375,65.8,91.2,70.0
2024-04-20 19:36:30,dev005,96.5,65.8,92.2,70.0
2024-04-20 19:36:30,dev003,93.81666666666672,65.8,91.3,70.0
2024-04-20 19:36:30,dev002,77.4416666666668,65.8,90.7,70.0
2024-04-20 19:36:30,dev004,87.05000000000005,65.8,90.5,69.0
2024-04-20 19:36:30,dev007,86.5690476190477,65.9,91.7,70.0
2024-04-20 19:36:30,dev000,77.73333333333339,65.9,91.5,70.0
2024-04-20 19:36:30,dev001,87.97500000000011,65.9,90.9,69.0
2024-04-20 19:37:35,dev009,86.6750000000001,65.8,90.8,69.0
2024-04-20 19:37:35,dev008,95.85754716981126,65.8,90.6,70.0
2024-04-20 19:37:35,dev005,96.5,65.8,91.9,69.0
2024-04-20 19:37:35,dev006,94.25,65.8,90.6,71.0
2024-04-20 19:37:35,dev007,86.09047619047627,65.8,92.0,71.0
2024-04-20 19:37:35,dev002,76.9416666666668,65.8,90.3,70.0
2024-04-20 19:37:35,dev004,86.45000000000006,65.8,90.9,69.0
2024-04-20 19:37:35,dev003,93.81666666666672,65.8,91.2,70.0
2024-04-20 19:37:35,dev000,77.30000000000005,65.8,91.8,71.0
2024-04-20 19:37:35,dev001,87.97500000000011,65.8,91.9,70.0
2024-04-20 19:38:40,dev009,86.3000000000001,65.8,90.8,70.0
2024-04-20 19:38:40,dev008,95.85754716981126,65.8,90.7,69.0
2024-04-20 19:38:40,dev006,94.0625,65.9,90.7,69.0
2024-04-20 19:38:40,dev005,96.5,65.9,92.8,70.0
2024-04-20 19:38:40,dev007,85.61190476190484,65.9,90.7,70.0
2024-04-20 19:38:40,dev003,93.81666666666672,65.8,92.6,70.0
2024-04-20 19:38:40,dev004,85.85000000000007,65.8,90.8,70.0
2024-04-20 19:38:40,dev002,76.4416666666668,65.9,91.1,70.0
2024-04-20 19:38:40,dev000,76.86666666666672,65.8,91.2,69.0
2024-04-20 19:38:40,dev001,87.97500000000011,65.8,92.3,70.0
2024-04-20 19:39:45,dev009,85.9250000000001,65.8,92.1,69.0
2024-04-20 19:39:45,dev006,93.875,65.8,91.1,70.0
2024-04-20 19:39:45,dev008,95.85754716981126,65.9,91.2,69.0
2024-04-20 19:39:45,dev005,96.5,65.9,91.1,70.0
2024-04-20 19:39:45,dev002,75.9416666666668,66.3,94.9,70.0
2024-04-20 19:39:45,dev004,85.25000000000007,66.5,95.4,69.0
2024-04-20 19:39:45,dev003,93.81666666666672,66.6,95.3,70.0
2024-04-20 19:39:45,dev007,85.13333333333341,66.7,93.3,69.0
2024-04-20 19:39:45,dev001,87.97500000000011,66.6,93.7,69.0
2024-04-20 19:39:45,dev000,76.43333333333338,66.6,91.5,70.0
2024-04-20 19:41:15,dev000,76.05833333333338,65.6,91.0,71.0
2024-04-20 19:41:15,dev002,75.60833333333348,65.6,91.2,70.0
2024-04-20 19:41:15,dev006,93.875,65.6,92.3,71.0
2024-04-20 19:41:15,dev009,85.3250000000001,65.6,91.5,70.0
2024-04-20 19:41:15,dev007,84.94583333333341,65.6,92.3,71.0
2024-04-20 19:41:15,dev008,95.42897574123982,65.6,91.1,71.0
2024-04-20 19:41:15,dev004,85.25000000000007,65.6,93.3,70.0
2024-04-20 19:41:15,dev005,96.5,65.7,91.5,70.0
2024-04-20 19:41:15,dev001,87.68750000000011,65.7,91.4,70.0
2024-04-20 19:41:15,dev003,93.31666666666672,65.7,91.1,70.0
2024-04-20 19:42:20,dev000,75.68333333333338,65.6,91.9,70.0
2024-04-20 19:42:20,dev002,75.27500000000015,65.6,92.5,70.0
2024-04-20 19:42:20,dev006,93.875,65.6,91.0,70.0
2024-04-20 19:42:20,dev009,84.72500000000011,65.6,91.8,71.0
2024-04-20 19:42:20,dev008,95.0004043126684,65.8,92.3,69.0
2024-04-20 19:42:20,dev007,84.75833333333341,65.8,93.0,69.0
2024-04-20 19:42:20,dev004,85.25000000000007,65.8,90.8,70.0
2024-04-20 19:42:20,dev005,96.5,65.8,92.0,71.0
2024-04-20 19:42:20,dev001,87.40000000000012,65.7,90.2,71.0
2024-04-20 19:42:20,dev003,92.81666666666672,65.7,92.2,70.0
2024-04-20 19:43:25,dev000,75.30833333333338,65.5,92.8,70.0
2024-04-20 19:43:25,dev002,74.94166666666682,65.5,90.9,70.0
2024-04-20 19:43:25,dev006,93.875,65.5,90.4,71.0
2024-04-20 19:43:25,dev008,94.57183288409696,65.6,91.3,70.0
2024-04-20 19:43:25,dev009,84.12500000000011,65.6,91.9,70.0
2024-04-20 19:43:25,dev007,84.57083333333341,65.6,90.7,71.0
2024-04-20 19:43:25,dev004,85.25000000000007,65.6,92.0,71.0
2024-04-20 19:43:25,dev001,87.11250000000013,65.6,90.6,71.0
2024-04-20 19:43:25,dev005,96.5,65.6,92.5,71.0
2024-04-20 19:43:25,dev003,92.31666666666672,65.6,91.5,70.0
2024-04-20 19:44:30,dev000,74.93333333333338,65.7,91.1,70.0
2024-04-20 19:44:30,dev002,74.60833333333349,65.7,91.1,70.0
2024-04-20 19:44:30,dev008,94.14326145552553,65.7,90.8,70.0
2024-04-20 19:44:30,dev006,93.875,65.7,91.8,69.0
2024-04-20 19:44:30,dev009,83.52500000000012,65.7,90.8,69.0
2024-04-20 19:44:30,dev004,85.25000000000007,65.7,92.3,71.0
2024-04-20 19:44:30,dev007,84.38333333333341,65.7,91.2,70.0
2024-04-20 19:44:30,dev005,96.5,65.6,91.5,70.0
2024-04-20 19:44:30,dev003,91.81666666666672,65.6,91.5,70.0
2024-04-20 19:44:30,dev001,86.82500000000013,65.6,90.8,70.0
2024-04-20 19:45:35,dev000,74.55833333333338,67.5,90.9,69.0
2024-04-20 19:45:35,dev002,74.27500000000016,67.5,91.7,70.0
2024-04-20 19:45:35,dev008,93.7146900269541,67.5,91.9,70.0
2024-04-20 19:45:35,dev009,82.92500000000013,67.6,90.9,70.0
2024-04-20 19:45:35,dev006,93.875,67.6,91.1,70.0
2024-04-20 19:45:35,dev004,85.25000000000007,67.6,91.4,70.0
2024-04-20 19:45:35,dev007,84.19583333333341,67.5,93.1,70.0
2024-04-20 19:45:35,dev005,96.5,67.5,91.2,70.0
2024-04-20 19:45:35,dev003,91.31666666666672,67.5,92.1,70.0
2024-04-20 19:45:35,dev001,86.53750000000014,67.5,91.2,70.0
2024-04-20 19:46:40,dev000,74.18333333333338,65.9,90.7,69.0
2024-04-20 19:46:40,dev002,73.94166666666683,65.9,90.3,70.0
2024-04-20 19:46:40,dev006,93.875,65.9,91.3,70.0
2024-04-20 19:46:40,dev008,93.28611859838267,65.9,92.2,70.0
2024-04-20 19:46:40,dev009,82.32500000000013,65.9,90.6,69.0
2024-04-20 19:46:40,dev007,84.00833333333341,65.9,92.2,70.0
2024-04-20 19:46:40,dev004,85.25000000000007,65.9,91.1,70.0
2024-04-20 19:46:40,dev003,90.81666666666672,65.9,91.4,69.0
2024-04-20 19:46:40,dev005,96.5,65.9,91.2,70.0
2024-04-20 19:46:40,dev001,86.25000000000014,65.9,92.6,70.0
2024-04-20 19:47:45,dev000,73.80833333333338,65.8,92.0,70.0
2024-04-20 19:47:45,dev002,73.6083333333335,65.8,90.7,70.0
2024-04-20 19:47:45,dev008,92.85754716981124,65.8,90.9,69.0
2024-04-20 19:47:45,dev006,93.875,65.8,90.7,71.0
2024-04-20 19:47:45,dev009,81.72500000000014,65.9,92.4,70.0
2024-04-20 19:47:45,dev004,85.25000000000007,65.8,90.5,70.0
2024-04-20 19:47:45,dev007,83.82083333333341,65.8,92.3,70.0
2024-04-20 19:47:45,dev005,96.5,65.8,90.6,71.0
2024-04-20 19:47:45,dev001,85.96250000000015,65.8,92.3,70.0
2024-04-20 19:47:45,dev003,90.31666666666672,65.9,91.0,70.0
2024-04-20 19:49:15,dev000,73.20833333333339,65.8,92.6,71.0
2024-04-20 19:49:15,dev002,73.13333333333351,65.8,90.9,71.0
2024-04-20 19:49:15,dev003,89.98333333333339,65.8,91.5,70.0
2024-04-20 19:49:15,dev005,96.5,65.8,90.9,70.0
2024-04-20 19:49:15,dev006,93.875,65.8,91.4,70.0
2024-04-20 19:49:15,dev001,85.96250000000015,65.8,90.3,70.0
2024-04-20 19:49:15,dev008,92.67004716981124,65.9,91.3,69.0
2024-04-20 19:49:15,dev007,83.7642295597485,65.9,90.7,70.0
2024-04-20 19:49:15,dev004,84.75000000000007,65.9,91.4,69.0
2024-04-20 19:49:15,dev009,81.72500000000014,65.9,91.1,71.0
2024-04-20 19:50:20,dev000,72.60833333333339,65.9,91.0,71.0
2024-04-20 19:50:20,dev002,72.65833333333352,65.9,90.8,70.0
2024-04-20 19:50:20,dev001,85.96250000000015,65.9,90.9,71.0
2024-04-20 19:50:20,dev006,93.875,65.9,92.3,70.0
2024-04-20 19:50:20,dev005,96.5,65.9,90.7,69.0
2024-04-20 19:50:20,dev003,89.65000000000006,65.9,92.1,71.0
2024-04-20 19:50:20,dev009,81.72500000000014,65.9,91.0,70.0
2024-04-20 19:50:20,dev007,83.70762578616359,65.9,90.8,70.0
2024-04-20 19:50:20,dev008,92.48254716981124,65.9,91.4,70.0
2024-04-20 19:50:20,dev004,84.25000000000007,65.9,92.2,71.0
2024-04-20 19:51:25,dev000,72.0083333333334,65.0,90.7,70.0
2024-04-20 19:51:25,dev002,72.18333333333352,65.0,90.9,70.0
2024-04-20 19:51:25,dev001,85.96250000000015,65.0,91.5,70.0
2024-04-20 19:51:25,dev006,93.875,65.0,90.8,71.0
2024-04-20 19:51:25,dev005,96.5,65.0,90.6,70.0
2024-04-20 19:51:25,dev003,89.31666666666673,64.9,90.9,70.0
2024-04-20 19:51:25,dev004,83.75000000000007,65.0,92.4,70.0
2024-04-20 19:51:25,dev007,83.65102201257868,65.0,90.6,71.0
2024-04-20 19:51:25,dev008,92.29504716981124,65.0,91.1,70.0
2024-04-20 19:51:25,dev009,81.72500000000014,65.0,91.0,70.0
2024-04-20 19:52:30,dev000,71.4083333333334,65.1,91.8,70.0
2024-04-20 19:52:30,dev001,85.96250000000015,65.1,90.9,70.0
2024-04-20 19:52:30,dev002,71.70833333333353,65.1,91.0,71.0
2024-04-20 19:52:30,dev003,88.9833333333334,65.1,91.7,70.0
2024-04-20 19:52:30,dev005,96.5,65.1,90.8,71.0
2024-04-20 19:52:30,dev007,83.59441823899377,65.1,90.9,70.0
2024-04-20 19:52:30,dev006,93.875,65.1,90.9,70.0
2024-04-20 19:52:30,dev004,83.25000000000007,65.1,92.3,70.0
2024-04-20 19:52:30,dev008,92.10754716981124,65.1,91.2,71.0
2024-04-20 19:52:30,dev009,81.72500000000014,65.1,92.0,70.0
2024-04-20 19:53:35,dev000,70.80833333333341,65.0,91.1,70.0
2024-04-20 19:53:35,dev002,71.23333333333353,65.0,90.3,71.0
2024-04-20 19:53:35,dev003,88.65000000000008,65.0,92.7,70.0
2024-04-20 19:53:35,dev001,85.96250000000015,65.0,90.9,70.0
2024-04-20 19:53:35,dev005,96.5,65.0,91.1,70.0
2024-04-20 19:53:35,dev007,83.53781446540886,65.0,90.6,71.0
2024-04-20 19:53:35,dev004,82.75000000000007,65.0,92.2,70.0
2024-04-20 19:53:35,dev006,93.875,65.0,90.9,70.0
2024-04-20 19:53:35,dev008,91.92004716981124,65.0,90.8,70.0
2024-04-20 19:53:35,dev009,81.72500000000014,65.0,90.7,71.0
2024-04-20 19:54:40,dev000,70.20833333333341,65.4,89.8,70.0
2024-04-20 19:54:40,dev001,85.96250000000015,65.4,91.6,71.0
2024-04-20 19:54:40,dev003,88.31666666666675,65.4,90.7,71.0
2024-04-20 19:54:40,dev002,70.75833333333354,65.4,92.0,69.0
2024-04-20 19:54:40,dev004,82.25000000000007,65.5,90.5,70.0
2024-04-20 19:54:40,dev005,96.5,65.4,90.6,71.0
2024-04-20 19:54:40,dev006,93.875,65.4,90.6,69.0
2024-04-20 19:54:40,dev007,83.48121069182395,65.4,92.0,70.0
2024-04-20 19:54:40,dev008,91.73254716981124,65.4,90.4,70.0
2024-04-20 19:54:40,dev009,81.72500000000014,65.4,92.3,70.0
2024-04-20 19:55:45,dev000,69.60833333333342,64.9,91.6,71.0
2024-04-20 19:55:45,dev003,87.98333333333342,64.9,90.8,70.0
2024-04-20 19:55:45,dev001,85.96250000000015,64.9,90.4,70.0
2024-04-20 19:55:45,dev002,70.28333333333354,65.0,90.7,71.0
2024-04-20 19:55:45,dev007,83.42460691823904,65.2,93.5,70.0
2024-04-20 19:55:45,dev004,81.75000000000007,65.6,94.4,70.0
2024-04-20 19:55:45,dev006,93.875,65.9,95.7,69.0
2024-04-20 19:55:45,dev005,96.5,65.9,94.3,70.0
2024-04-20 19:55:45,dev008,91.54504716981124,66.0,93.3,70.0
2024-04-20 19:55:45,dev009,81.72500000000014,66.0,91.2,71.0
2024-04-20 19:57:15,dev002,69.85476190476211,65.0,92.4,71.0
2024-04-20 19:57:15,dev004,81.41666666666674,65.0,90.2,71.0
2024-04-20 19:57:15,dev006,93.875,65.0,90.1,70.0
2024-04-20 19:57:15,dev001,85.36250000000015,65.0,90.0,71.0
2024-04-20 19:57:15,dev008,91.48844339622633,65.0,90.9,71.0
2024-04-20 19:57:15,dev007,83.09127358490571,65.0,89.8,70.0
2024-04-20 19:57:15,dev003,87.98333333333342,65.0,91.1,70.0
2024-04-20 19:57:15,dev005,96.0,65.0,91.3,70.0
2024-04-20 19:57:15,dev000,69.60833333333342,65.0,90.3,71.0
2024-04-20 19:57:15,dev009,81.30000000000014,65.0,91.1,70.0
2024-04-20 19:58:20,dev002,69.42619047619068,65.2,90.9,70.0
2024-04-20 19:58:20,dev006,93.875,65.2,92.7,71.0
2024-04-20 19:58:20,dev004,81.08333333333341,65.2,91.3,70.0
2024-04-20 19:58:20,dev001,84.76250000000016,65.2,91.2,70.0
2024-04-20 19:58:20,dev008,91.43183962264142,65.2,90.2,70.0
2024-04-20 19:58:20,dev009,80.87500000000014,65.0,91.8,69.0
2024-04-20 19:58:20,dev005,95.5,65.1,90.3,70.0
2024-04-20 19:58:20,dev003,87.98333333333342,65.1,92.4,70.0
2024-04-20 19:58:20,dev000,69.60833333333342,65.1,90.9,71.0
2024-04-20 19:58:20,dev007,82.75794025157238,65.1,91.4,71.0
2024-04-20 19:59:25,dev002,68.99761904761925,65.2,91.9,70.0
2024-04-20 19:59:25,dev008,91.37523584905651,65.2,90.8,70.0
2024-04-20 19:59:25,dev001,84.16250000000016,65.2,90.7,70.0
2024-04-20 19:59:25,dev006,93.875,65.2,91.5,71.0
2024-04-20 19:59:25,dev004,80.75000000000009,65.2,91.9,71.0
2024-04-20 19:59:25,dev007,82.42460691823905,65.2,91.1,71.0
2024-04-20 19:59:25,dev005,95.0,65.2,90.9,69.0
2024-04-20 19:59:25,dev003,87.98333333333342,65.2,91.0,70.0
2024-04-20 19:59:25,dev000,69.60833333333342,65.2,92.5,70.0
2024-04-20 19:59:25,dev009,80.45000000000014,65.2,90.7,70.0
2024-04-20 20:00:30,dev002,68.56904761904782,65.0,90.8,70.0
2024-04-20 20:00:30,dev008,91.3186320754716,65.0,92.1,69.0
2024-04-20 20:00:30,dev001,83.56250000000017,65.0,90.3,70.0
2024-04-20 20:00:30,dev006,93.875,65.0,91.3,69.0
2024-04-20 20:00:30,dev004,80.41666666666676,65.0,90.9,70.0
2024-04-20 20:00:30,dev009,80.02500000000015,65.0,91.7,69.0
2024-04-20 20:00:30,dev003,87.98333333333342,65.0,90.1,69.0
2024-04-20 20:00:30,dev000,69.60833333333342,65.0,90.2,69.0
2024-04-20 20:00:30,dev005,94.5,65.0,90.4,70.0
2024-04-20 20:00:30,dev007,82.09127358490572,65.1,91.7,69.0
2024-04-20 20:01:35,dev002,68.14047619047639,64.9,90.6,70.0
2024-04-20 20:01:35,dev001,82.96250000000018,64.9,91.0,70.0
2024-04-20 20:01:35,dev006,93.875,65.0,92.7,69.0
2024-04-20 20:01:35,dev008,91.26202830188669,65.0,92.0,70.0
2024-04-20 20:01:35,dev000,69.60833333333342,65.4,93.4,69.0
2024-04-20 20:01:35,dev009,79.60000000000015,65.5,93.9,69.0
2024-04-20 20:01:35,dev004,80.08333333333343,65.7,95.0,69.0
2024-04-20 20:01:35,dev007,81.75794025157239,65.8,92.6,70.0
2024-04-20 20:01:35,dev003,87.98333333333342,65.8,92.2,70.0
2024-04-20 20:01:35,dev005,94.0,65.8,91.3,70.0
2024-04-20 20:02:40,dev002,67.71190476190496,65.6,93.6,70.0
2024-04-20 20:02:40,dev008,91.20542452830178,65.0,93.1,71.0
2024-04-20 20:02:40,dev006,93.875,65.0,92.2,69.0
2024-04-20 20:02:40,dev001,82.36250000000018,65.0,91.2,71.0
2024-04-20 20:02:40,dev000,69.60833333333342,64.9,90.7,71.0
2024-04-20 20:02:40,dev007,81.42460691823906,64.9,92.4,69.0
2024-04-20 20:02:40,dev009,79.17500000000015,64.9,91.3,71.0
2024-04-20 20:02:40,dev005,93.5,64.9,91.2,69.0
2024-04-20 20:02:40,dev004,79.7500000000001,64.9,90.9,70.0
2024-04-20 20:02:40,dev003,87.98333333333342,64.9,92.0,69.0
2024-04-20 20:03:45,dev002,67.28333333333353,64.9,90.4,70.0
2024-04-20 20:03:45,dev001,81.76250000000019,64.9,90.6,70.0
2024-04-20 20:03:45,dev006,93.875,65.0,91.9,70.0
2024-04-20 20:03:45,dev008,91.14882075471687,64.9,90.5,70.0
2024-04-20 20:03:45,dev000,69.60833333333342,64.9,90.2,69.0
2024-04-20 20:03:45,dev007,81.09127358490574,65.0,90.7,69.0
2024-04-20 20:03:45,dev005,93.0,65.0,91.5,70.0
2024-04-20 20:03:45,dev004,79.41666666666677,65.0,91.1,69.0
2024-04-20 20:03:45,dev009,78.75000000000016,65.0,92.0,70.0
2024-04-20 20:03:45,dev003,87.98333333333342,65.0,90.6,69.0
2024-04-20 20:05:15,dev000,69.08333333333341,65.1,90.5,70.0
2024-04-20 20:05:15,dev009,78.75000000000016,65.0,91.1,70.0
2024-04-20 20:05:15,dev001,81.57500000000019,64.9,92.1,70.0
2024-04-20 20:05:15,dev004,78.98809523809534,64.9,91.2,69.0
2024-04-20 20:05:15,dev007,81.09127358490574,65.0,90.7,69.0
2024-04-20 20:05:15,dev008,91.14882075471687,65.0,91.1,69.0
2024-04-20 20:05:15,dev006,93.375,65.0,91.4,70.0
2024-04-20 20:05:15,dev005,93.0,65.0,90.8,69.0
2024-04-20 20:05:15,dev003,87.98333333333342,65.0,90.4,70.0
2024-04-20 20:05:15,dev002,66.68333333333354,65.0,90.9,70.0
2024-04-20 20:06:20,dev000,68.55833333333341,65.8,94.2,70.0
2024-04-20 20:06:20,dev007,81.09127358490574,65.8,91.7,69.0
2024-04-20 20:06:20,dev001,81.38750000000019,65.8,91.2,69.0
2024-04-20 20:06:20,dev004,78.55952380952391,65.8,91.9,69.0
2024-04-20 20:06:20,dev008,91.14882075471687,65.1,93.1,68.0
2024-04-20 20:06:20,dev009,78.75000000000016,65.1,92.6,69.0
2024-04-20 20:06:20,dev006,92.875,65.1,91.1,71.0
2024-04-20 20:06:20,dev005,93.0,65.1,92.0,70.0
2024-04-20 20:06:20,dev003,87.98333333333342,65.1,91.1,69.0
2024-04-20 20:06:20,dev002,66.08333333333354,65.2,92.7,70.0
2024-04-20 20:07:25,dev000,68.0333333333334,65.1,92.2,71.0
2024-04-20 20:07:25,dev008,91.14882075471687,65.1,91.0,70.0
2024-04-20 20:07:25,dev004,78.13095238095248,65.0,91.1,70.0
2024-04-20 20:07:25,dev001,81.20000000000019,65.0,91.3,70.0
2024-04-20 20:07:25,dev007,81.09127358490574,65.0,92.6,69.0
2024-04-20 20:07:25,dev006,92.375,65.0,90.9,69.0
2024-04-20 20:07:25,dev003,87.98333333333342,65.1,91.0,69.0
2024-04-20 20:07:25,dev009,78.75000000000016,65.1,90.6,69.0
2024-04-20 20:07:25,dev005,93.0,65.1,92.3,69.0
2024-04-20 20:07:25,dev002,65.48333333333355,65.0,90.8,71.0
2024-04-20 20:08:30,dev000,67.5083333333334,65.3,90.8,70.0
2024-04-20 20:08:30,dev008,91.14882075471687,65.3,92.0,70.0
2024-04-20 20:08:30,dev001,81.01250000000019,65.2,90.6,70.0
2024-04-20 20:08:30,dev007,81.09127358490574,65.2,91.0,70.0
2024-04-20 20:08:30,dev004,77.70238095238105,65.2,90.9,70.0
2024-04-20 20:08:30,dev003,87.98333333333342,65.2,92.5,70.0
2024-04-20 20:08:30,dev006,91.875,65.2,90.9,69.0
2024-04-20 20:08:30,dev002,64.88333333333355,65.2,91.1,69.0
2024-04-20 20:08:30,dev005,93.0,65.2,91.6,70.0
2024-04-20 20:08:30,dev009,78.75000000000016,65.2,92.0,71.0
2024-04-20 20:09:35,dev000,66.98333333333339,65.2,91.1,70.0
2024-04-20 20:09:35,dev001,80.82500000000019,65.2,91.1,71.0
2024-04-20 20:09:35,dev008,91.14882075471687,65.2,92.2,71.0
2024-04-20 20:09:35,dev007,81.09127358490574,65.2,91.8,71.0
2024-04-20 20:09:35,dev004,77.27380952380962,65.7,95.0,70.0
2024-04-20 20:09:35,dev003,87.98333333333342,65.9,96.0,71.0
2024-04-20 20:09:35,dev006,91.375,66.0,97.2,70.0
2024-04-20 20:09:35,dev009,78.75000000000016,66.0,96.0,70.0
2024-04-20 20:09:35,dev005,93.0,66.0,96.4,71.0
2024-04-20 20:09:35,dev002,64.28333333333356,66.0,95.8,71.0
2024-04-20 20:10:40,dev000,66.45833333333339,65.1,91.3,70.0
2024-04-20 20:10:40,dev007,81.09127358490574,65.1,92.8,71.0
2024-04-20 20:10:40,dev008,91.14882075471687,65.1,91.0,69.0
2024-04-20 20:10:40,dev001,80.63750000000019,65.1,91.2,70.0
2024-04-20 20:10:40,dev004,76.84523809523819,65.1,91.1,70.0
2024-04-20 20:10:40,dev003,87.98333333333342,65.1,92.7,69.0
2024-04-20 20:10:40,dev006,90.875,65.1,91.3,70.0
2024-04-20 20:10:40,dev009,78.75000000000016,65.2,92.4,70.0
2024-04-20 20:10:40,dev002,63.68333333333356,65.2,91.7,69.0
2024-04-20 20:10:40,dev005,93.0,65.1,91.0,69.0
2024-04-20 20:11:45,dev000,65.93333333333338,66.2,92.7,70.0
2024-04-20 20:11:45,dev001,80.45000000000019,65.4,92.2,70.0
2024-04-20 20:11:45,dev008,91.14882075471687,65.4,91.4,70.0
2024-04-20 20:11:45,dev007,81.09127358490574,65.4,90.8,70.0
2024-04-20 20:11:45,dev004,76.41666666666676,65.4,92.1,70.0
2024-04-20 20:11:45,dev006,90.375,65.4,90.9,68.0
2024-04-20 20:11:45,dev003,87.98333333333342,65.4,92.4,70.0
2024-04-20 20:11:45,dev009,78.75000000000016,65.4,91.2,70.0
2024-04-20 20:11:45,dev002,63.083333333333556,65.4,92.8,71.0
2024-04-20 20:11:45,dev005,93.0,65.4,91.2,71.0
2024-04-20 20:13:15,dev006,90.375,64.7,92.4,69.0
2024-04-20 20:13:15,dev007,80.59127358490574,64.7,91.3,71.0
2024-04-20 20:13:15,dev000,65.93333333333338,64.7,90.6,69.0
2024-04-20 20:13:15,dev003,87.98333333333342,64.7,90.8,69.0
2024-04-20 20:13:15,dev004,75.81666666666676,64.7,92.0,69.0
2024-04-20 20:13:15,dev001,80.30714285714305,64.8,91.0,69.0
2024-04-20 20:13:15,dev009,78.75000000000016,64.8,90.9,69.0
2024-04-20 20:13:15,dev008,91.14882075471687,64.8,92.4,70.0
2024-04-20 20:13:15,dev002,62.608333333333555,64.8,92.4,70.0
2024-04-20 20:13:15,dev005,93.0,64.8,91.5,70.0
2024-04-20 20:14:20,dev006,90.375,64.8,91.2,70.0
2024-04-20 20:14:20,dev001,80.16428571428591,64.8,93.4,70.0
2024-04-20 20:14:20,dev004,75.21666666666677,64.8,91.5,69.0
2024-04-20 20:14:20,dev007,80.09127358490574,64.8,92.4,70.0
2024-04-20 20:14:20,dev003,87.98333333333342,64.8,91.5,70.0
2024-04-20 20:14:20,dev002,62.13333333333355,64.8,90.9,70.0
2024-04-20 20:14:20,dev000,65.93333333333338,64.8,90.9,71.0
2024-04-20 20:14:20,dev009,78.75000000000016,64.8,91.9,70.0
2024-04-20 20:14:20,dev008,91.14882075471687,64.8,90.6,70.0
2024-04-20 20:14:20,dev005,93.0,64.8,91.7,71.0
2024-04-20 20:15:25,dev006,90.375,64.7,91.0,70.0
2024-04-20 20:15:25,dev004,74.61666666666677,64.7,92.0,70.0
2024-04-20 20:15:25,dev001,80.02142857142877,64.7,92.3,70.0
2024-04-20 20:15:25,dev003,87.98333333333342,64.7,91.6,70.0
2024-04-20 20:15:25,dev007,79.59127358490574,64.7,91.3,70.0
2024-04-20 20:15:25,dev002,61.65833333333355,64.7,92.6,69.0
2024-04-20 20:15:25,dev008,91.14882075471687,64.7,92.0,70.0
2024-04-20 20:15:25,dev009,78.75000000000016,64.7,91.0,72.0
2024-04-20 20:15:25,dev005,93.0,64.7,91.2,71.0
2024-04-20 20:15:25,dev000,65.93333333333338,64.7,91.2,69.0
2024-04-20 20:16:30,dev006,90.375,64.6,91.3,70.0
2024-04-20 20:16:30,dev001,79.87857142857163,64.6,91.8,70.0
2024-04-20 20:16:30,dev003,87.98333333333342,64.6,90.7,69.0
2024-04-20 20:16:30,dev007,79.09127358490574,64.6,92.0,68.0
2024-04-20 20:16:30,dev004,74.01666666666678,64.6,91.3,69.0
2024-04-20 20:16:30,dev000,65.93333333333338,64.6,91.4,70.0
2024-04-20 20:16:30,dev009,78.75000000000016,64.6,91.2,71.0
2024-04-20 20:16:30,dev008,91.14882075471687,66.3,94.5,69.0
2024-04-20 20:16:30,dev005,93.0,66.4,92.2,69.0
2024-04-20 20:16:30,dev002,61.18333333333355,66.1,90.9,71.0
