2024-04-21 16:21:56,dev000,0,100,None,None,None
2024-04-21 16:21:56,dev001,0,100,None,None,None
2024-04-21 16:21:56,dev002,0,100,None,None,None
2024-04-21 16:21:56,dev003,0,100,None,None,None
2024-04-21 16:21:56,dev004,0,100,None,None,None
2024-04-21 16:21:56,dev005,0,100,None,None,None
2024-04-21 16:21:56,dev006,0,100,None,None,None
2024-04-21 16:21:56,dev007,0,100,None,None,None
2024-04-21 16:21:56,dev008,0,100,None,None,None
2024-04-21 16:21:56,dev009,0,100,None,None,None
2024-04-21 16:21:56,dev0010,0,100,None,None,None
2024-04-21 16:21:56,dev0011,0,100,None,None,None
2024-04-21 16:21:56,dev0012,0,100,None,None,None
2024-04-21 16:21:56,dev0013,0,100,None,None,None
2024-04-21 16:21:56,dev0014,0,100,None,None,None
2024-04-21 16:21:56,dev0015,0,100,None,None,None
2024-04-21 16:21:56,dev0016,0,100,None,None,None
2024-04-21 16:21:56,dev0017,0,100,None,None,None
2024-04-21 16:21:56,dev0018,0,100,None,None,None
2024-04-21 16:21:56,dev0019,0,100,None,None,None
2024-04-21 16:22:58,dev002,4.714285714285714,99.76428571428572,43.4,91.6,70.0
2024-04-21 16:22:58,dev007,12.454545454545453,99.37727272727273,43.5,92.1,71.0
2024-04-21 16:22:58,dev008,23.285714285714285,98.83571428571429,43.6,92.4,70.0
2024-04-21 16:22:58,dev0015,12.5,99.375,43.7,91.3,71.0
2024-04-21 16:22:58,dev0018,12.5,99.375,43.7,90.2,71.0
2024-04-21 16:22:58,dev009,13.666666666666668,99.31666666666666,43.7,92.0,71.0
2024-04-21 16:22:58,dev005,13.571428571428571,99.32142857142857,43.7,91.8,71.0
2024-04-21 16:22:58,dev001,7.454545454545454,99.62727272727273,43.7,91.2,72.0
2024-04-21 16:22:58,dev000,11.0,99.45,43.8,90.9,71.0
2024-04-21 16:22:58,dev0017,10.0,99.5,43.5,91.9,71.0
2024-04-21 16:22:59,dev0010,8.5,99.575,43.5,90.8,70.0
2024-04-21 16:22:59,dev0012,16.615384615384613,99.16923076923077,43.5,91.8,72.0
2024-04-21 16:22:59,dev006,16.0,99.2,44.0,91.4,70.0
2024-04-21 16:22:59,dev004,10.333333333333334,99.48333333333333,43.6,92.5,71.0
2024-04-21 16:22:59,dev003,12.285714285714285,99.38571428571429,43.6,90.5,70.0
2024-04-21 16:22:59,dev0013,7.0,99.65,43.7,92.0,71.0
2024-04-21 16:22:59,dev0016,11.0,99.45,43.6,92.0,71.0
2024-04-21 16:22:59,dev0019,12.529411764705882,99.37352941176471,43.7,91.7,71.0
2024-04-21 16:22:59,dev0014,11.0,99.45,43.8,91.3,70.0
2024-04-21 16:22:59,dev0011,12.0,99.4,43.8,93.3,70.0
2024-04-21 16:23:58,dev002,4.714285714285714,99.52857142857144,45.5,91.2,70.0
2024-04-21 16:23:58,dev007,12.454545454545453,98.75454545454545,45.5,93.2,70.0
2024-04-21 16:23:58,dev0015,12.5,98.75,45.5,90.8,71.0
2024-04-21 16:23:58,dev008,23.285714285714285,97.67142857142858,45.5,90.7,71.0
2024-04-21 16:23:58,dev005,13.571428571428571,98.64285714285714,45.5,91.0,71.0
2024-04-21 16:23:58,dev0018,12.5,98.75,45.6,92.1,70.0
2024-04-21 16:23:58,dev009,13.666666666666668,98.63333333333333,45.6,91.2,70.0
2024-04-21 16:23:58,dev001,7.454545454545454,99.25454545454545,45.6,92.1,70.0
2024-04-21 16:23:58,dev000,11.0,98.9,45.6,91.0,72.0
2024-04-21 16:23:58,dev0017,10.0,99.0,45.6,92.9,71.0
2024-04-21 16:23:59,dev0010,8.5,99.15,45.6,90.4,71.0
2024-04-21 16:23:59,dev004,10.333333333333334,98.96666666666667,45.7,92.3,70.0
2024-04-21 16:23:59,dev0012,16.615384615384613,98.33846153846153,45.7,91.1,71.0
2024-04-21 16:23:59,dev006,16.0,98.4,45.7,92.1,70.0
2024-04-21 16:23:59,dev003,12.285714285714285,98.77142857142857,45.8,90.6,70.0
2024-04-21 16:23:59,dev0013,7.0,99.30000000000001,45.8,91.8,70.0
2024-04-21 16:23:59,dev0016,11.0,98.9,45.9,91.3,71.0
2024-04-21 16:23:59,dev0019,12.529411764705882,98.74705882352941,45.9,91.5,71.0
2024-04-21 16:23:59,dev0014,11.0,98.9,46.0,90.9,72.0
2024-04-21 16:23:59,dev0011,12.0,98.80000000000001,46.1,92.6,70.0
2024-04-21 16:24:58,dev002,4.714285714285714,99.29285714285716,47.2,91.1,71.0
2024-04-21 16:24:58,dev007,12.454545454545453,98.13181818181818,47.1,92.0,71.0
2024-04-21 16:24:58,dev0015,12.5,98.125,47.2,91.2,71.0
2024-04-21 16:24:58,dev005,13.571428571428571,97.96428571428571,47.2,91.2,70.0
2024-04-21 16:24:58,dev0018,12.5,98.125,47.2,92.6,71.0
2024-04-21 16:24:58,dev009,13.666666666666668,97.94999999999999,47.5,95.5,70.0
2024-04-21 16:24:58,dev001,7.454545454545454,98.88181818181818,47.5,91.0,70.0
2024-04-21 16:24:58,dev000,11.0,98.35000000000001,47.5,92.0,71.0
2024-04-21 16:24:58,dev0017,10.0,98.5,47.5,92.1,70.0
2024-04-21 16:24:59,dev0010,8.5,98.72500000000001,47.5,92.5,70.0
2024-04-21 16:24:59,dev004,10.333333333333334,98.45,47.5,91.8,71.0
2024-04-21 16:24:59,dev0012,16.615384615384613,97.5076923076923,47.6,92.8,69.0
2024-04-21 16:24:59,dev006,16.0,97.60000000000001,47.6,91.3,70.0
2024-04-21 16:24:59,dev003,12.285714285714285,98.15714285714286,47.6,91.9,71.0
2024-04-21 16:24:59,dev0013,7.0,98.95000000000002,47.7,91.5,70.0
2024-04-21 16:24:59,dev0016,11.0,98.35000000000001,47.7,92.8,69.0
2024-04-21 16:24:59,dev0019,12.529411764705882,98.12058823529412,47.8,90.8,70.0
2024-04-21 16:24:59,dev0014,11.0,98.35000000000001,47.8,92.7,70.0
2024-04-21 16:24:59,dev0011,12.0,98.20000000000002,47.8,91.0,70.0
2024-04-21 16:24:58,dev008,23.285714285714285,96.50714285714287,47.8,91.2,71.0
2024-04-21 16:25:58,dev002,4.714285714285714,99.05714285714288,48.4,91.8,71.0
2024-04-21 16:25:58,dev007,12.454545454545453,97.5090909090909,48.4,92.0,70.0
2024-04-21 16:25:58,dev0015,12.5,97.5,48.4,91.2,71.0
2024-04-21 16:25:58,dev008,23.285714285714285,95.34285714285716,48.4,91.5,71.0
2024-04-21 16:25:58,dev005,13.571428571428571,97.28571428571428,48.4,91.7,70.0
2024-04-21 16:25:58,dev0018,12.5,97.5,48.4,92.4,71.0
2024-04-21 16:25:58,dev009,13.666666666666668,97.26666666666665,48.4,92.1,70.0
2024-04-21 16:25:58,dev001,7.454545454545454,98.5090909090909,48.4,92.5,71.0
2024-04-21 16:25:58,dev000,11.0,97.80000000000001,48.4,91.7,71.0
2024-04-21 16:25:58,dev0017,10.0,98.0,48.4,91.1,71.0
2024-04-21 16:25:59,dev0010,8.5,98.30000000000001,48.6,91.7,70.0
2024-04-21 16:25:59,dev0012,16.615384615384613,96.67692307692306,48.6,92.1,71.0
2024-04-21 16:25:59,dev006,16.0,96.80000000000001,48.7,91.5,71.0
2024-04-21 16:25:59,dev004,10.333333333333334,97.93333333333334,48.6,92.6,70.0
2024-04-21 16:25:59,dev003,12.285714285714285,97.54285714285714,48.6,91.1,70.0
2024-04-21 16:25:59,dev0013,7.0,98.60000000000002,48.6,92.7,71.0
2024-04-21 16:25:59,dev0016,11.0,97.80000000000001,48.4,91.5,70.0
2024-04-21 16:25:59,dev0014,11.0,97.80000000000001,48.5,91.6,71.0
2024-04-21 16:25:59,dev0019,12.529411764705882,97.49411764705883,48.5,91.5,71.0
2024-04-21 16:25:59,dev0011,12.0,97.60000000000002,48.5,92.5,70.0
2024-04-21 16:26:58,dev002,4.714285714285714,98.8214285714286,48.8,91.9,71.0
2024-04-21 16:26:58,dev007,12.454545454545453,96.88636363636363,48.8,91.3,70.0
2024-04-21 16:26:58,dev0015,12.5,96.875,48.8,91.6,70.0
2024-04-21 16:26:58,dev008,23.285714285714285,94.17857142857144,48.8,92.5,70.0
2024-04-21 16:26:58,dev0018,12.5,96.875,48.8,91.5,70.0
2024-04-21 16:26:58,dev005,13.571428571428571,96.60714285714285,48.8,92.5,70.0
2024-04-21 16:26:58,dev009,13.666666666666668,96.58333333333331,49.0,91.7,70.0
2024-04-21 16:26:58,dev001,7.454545454545454,98.13636363636363,49.0,93.5,70.0
2024-04-21 16:26:58,dev000,11.0,97.25000000000001,49.0,91.2,70.0
2024-04-21 16:26:59,dev0017,10.0,97.5,48.9,92.9,71.0
2024-04-21 16:26:59,dev0010,8.5,97.87500000000001,48.9,91.8,70.0
2024-04-21 16:26:59,dev004,10.333333333333334,97.41666666666667,48.9,91.6,70.0
2024-04-21 16:26:59,dev0012,16.615384615384613,95.84615384615383,49.0,91.0,71.0
2024-04-21 16:26:59,dev006,16.0,96.00000000000001,48.9,92.1,70.0
2024-04-21 16:26:59,dev003,12.285714285714285,96.92857142857143,48.9,91.5,70.0
2024-04-21 16:26:59,dev0013,7.0,98.25000000000003,48.9,91.0,71.0
2024-04-21 16:26:59,dev0016,11.0,97.25000000000001,48.9,91.4,70.0
2024-04-21 16:26:59,dev0019,12.529411764705882,96.86764705882354,48.9,92.2,70.0
2024-04-21 16:26:59,dev0014,11.0,97.25000000000001,48.9,91.2,70.0
2024-04-21 16:26:59,dev0011,12.0,97.00000000000003,48.9,93.6,70.0
2024-04-21 16:27:58,dev002,4.714285714285714,98.58571428571432,49.2,90.6,70.0
2024-04-21 16:27:58,dev007,12.454545454545453,96.26363636363635,49.2,92.3,70.0
2024-04-21 16:27:58,dev0015,12.5,96.25,49.2,91.4,71.0
2024-04-21 16:27:58,dev0018,12.5,96.25,49.2,91.7,70.0
2024-04-21 16:27:58,dev005,13.571428571428571,95.92857142857142,49.2,90.8,70.0
2024-04-21 16:27:58,dev009,13.666666666666668,95.89999999999998,49.2,90.8,70.0
2024-04-21 16:27:58,dev001,7.454545454545454,97.76363636363635,49.2,91.2,71.0
2024-04-21 16:27:58,dev000,11.0,96.70000000000002,49.3,92.5,70.0
2024-04-21 16:27:59,dev0017,10.0,97.0,49.3,90.8,70.0
2024-04-21 16:27:59,dev0010,8.5,97.45000000000002,49.3,92.7,70.0
2024-04-21 16:27:59,dev0012,16.615384615384613,95.01538461538459,49.3,91.8,71.0
2024-04-21 16:27:59,dev006,16.0,95.20000000000002,49.3,91.5,71.0
2024-04-21 16:27:59,dev003,12.285714285714285,96.31428571428572,49.3,91.6,70.0
2024-04-21 16:27:59,dev004,10.333333333333334,96.9,49.3,91.1,70.0
2024-04-21 16:27:59,dev0013,7.0,97.90000000000003,49.3,91.0,71.0
2024-04-21 16:27:59,dev0016,11.0,96.70000000000002,49.4,91.9,70.0
2024-04-21 16:27:59,dev0019,12.529411764705882,96.24117647058824,49.4,90.9,71.0
2024-04-21 16:27:59,dev0011,12.0,96.40000000000003,49.5,91.6,70.0
2024-04-21 16:27:59,dev0014,11.0,96.70000000000002,49.3,91.2,70.0
2024-04-21 16:27:58,dev008,23.285714285714285,93.01428571428573,49.4,91.0,71.0
2024-04-21 16:28:58,dev002,4.714285714285714,98.35000000000004,49.6,91.0,70.0
2024-04-21 16:28:58,dev0015,12.5,95.625,49.6,91.0,71.0
2024-04-21 16:28:58,dev005,13.571428571428571,95.24999999999999,49.6,91.2,70.0
2024-04-21 16:28:58,dev0018,12.5,95.625,49.6,92.1,71.0
2024-04-21 16:28:58,dev009,13.666666666666668,95.21666666666664,49.6,91.2,70.0
2024-04-21 16:28:58,dev001,7.454545454545454,97.39090909090908,49.6,92.2,70.0
2024-04-21 16:28:58,dev000,11.0,96.15000000000002,49.6,91.3,71.0
2024-04-21 16:28:59,dev0017,10.0,96.5,49.6,92.1,71.0
2024-04-21 16:28:59,dev0010,8.5,97.02500000000002,49.6,91.3,70.0
2024-04-21 16:28:59,dev004,10.333333333333334,96.38333333333334,49.6,91.6,70.0
2024-04-21 16:28:59,dev0012,16.615384615384613,94.18461538461536,49.6,91.5,71.0
2024-04-21 16:28:59,dev006,16.0,94.40000000000002,49.6,91.2,71.0
2024-04-21 16:28:59,dev003,12.285714285714285,95.7,49.7,92.1,70.0
2024-04-21 16:28:59,dev0013,7.0,97.55000000000004,49.7,93.4,70.0
2024-04-21 16:28:59,dev0016,11.0,96.15000000000002,49.6,91.2,70.0
2024-04-21 16:28:59,dev0019,12.529411764705882,95.61470588235295,49.6,91.6,71.0
2024-04-21 16:28:59,dev0014,11.0,96.15000000000002,49.6,90.9,70.0
2024-04-21 16:28:59,dev0011,12.0,95.80000000000004,49.6,92.5,70.0
2024-04-21 16:28:58,dev007,12.454545454545453,95.64090909090908,49.6,91.3,70.0
2024-04-21 16:28:58,dev008,23.285714285714285,91.85000000000002,49.7,92.5,70.0
2024-04-21 16:29:58,dev002,4.714285714285714,98.11428571428576,50.1,91.0,71.0
2024-04-21 16:29:58,dev007,12.454545454545453,95.0181818181818,50.1,93.3,70.0
2024-04-21 16:29:58,dev0015,12.5,95.0,50.1,92.2,70.0
2024-04-21 16:29:58,dev008,23.285714285714285,90.68571428571431,50.2,93.1,71.0
2024-04-21 16:29:58,dev005,13.571428571428571,94.57142857142856,50.2,91.6,71.0
2024-04-21 16:29:58,dev0018,12.5,95.0,50.2,94.1,72.0
2024-04-21 16:29:58,dev009,13.666666666666668,94.5333333333333,49.9,92.4,70.0
2024-04-21 16:29:58,dev001,7.454545454545454,97.0181818181818,50.1,93.1,71.0
2024-04-21 16:29:58,dev000,11.0,95.60000000000002,50.1,91.9,70.0
2024-04-21 16:29:59,dev0017,10.0,96.0,52.0,92.9,70.0
2024-04-21 16:29:59,dev0010,8.5,96.60000000000002,51.3,98.0,70.0
2024-04-21 16:29:59,dev0012,16.615384615384613,93.35384615384612,50.9,93.3,70.0
2024-04-21 16:29:59,dev006,16.0,93.60000000000002,50.9,92.4,70.0
2024-04-21 16:29:59,dev003,12.285714285714285,95.08571428571429,50.9,92.6,70.0
2024-04-21 16:29:59,dev004,10.333333333333334,95.86666666666667,50.9,92.1,70.0
2024-04-21 16:29:59,dev0013,7.0,97.20000000000005,50.9,93.2,71.0
2024-04-21 16:29:59,dev0016,11.0,95.60000000000002,50.9,92.7,70.0
2024-04-21 16:29:59,dev0014,11.0,95.60000000000002,50.8,92.9,70.0
2024-04-21 16:29:59,dev0011,12.0,95.20000000000005,50.8,93.1,70.0
2024-04-21 16:29:59,dev0019,12.529411764705882,94.98823529411766,50.8,93.4,71.0
2024-04-21 16:30:58,dev002,4.714285714285714,97.87857142857148,51.8,91.2,70.0
2024-04-21 16:30:58,dev007,12.454545454545453,94.39545454545453,51.8,92.3,70.0
2024-04-21 16:30:58,dev0015,12.5,94.375,51.8,91.7,70.0
2024-04-21 16:30:58,dev005,13.571428571428571,93.89285714285712,51.9,93.3,71.0
2024-04-21 16:30:58,dev0018,12.5,94.375,52.1,92.7,71.0
2024-04-21 16:30:58,dev009,13.666666666666668,93.84999999999997,52.4,93.9,71.0
2024-04-21 16:30:58,dev001,7.454545454545454,96.64545454545453,52.2,92.2,70.0
2024-04-21 16:30:58,dev000,11.0,95.05000000000003,52.2,93.1,70.0
2024-04-21 16:30:59,dev0017,10.0,95.5,52.2,92.1,70.0
2024-04-21 16:30:59,dev0010,8.5,96.17500000000003,52.4,93.4,71.0
2024-04-21 16:30:59,dev004,10.333333333333334,95.35000000000001,52.4,91.1,70.0
2024-04-21 16:30:59,dev0012,16.615384615384613,92.52307692307689,52.4,91.6,71.0
2024-04-21 16:30:59,dev006,16.0,92.80000000000003,52.4,91.5,72.0
2024-04-21 16:30:59,dev003,12.285714285714285,94.47142857142858,52.4,92.2,70.0
2024-04-21 16:30:59,dev0013,7.0,96.85000000000005,53.4,94.1,71.0
2024-04-21 16:30:59,dev0016,11.0,95.05000000000003,53.1,93.4,71.0
2024-04-21 16:30:59,dev0019,12.529411764705882,94.36176470588236,53.0,90.9,71.0
2024-04-21 16:30:59,dev0014,11.0,95.05000000000003,53.0,91.2,71.0
2024-04-21 16:30:59,dev0011,12.0,94.60000000000005,53.0,92.2,71.0
2024-04-21 16:30:58,dev008,23.285714285714285,89.5214285714286,53.1,92.9,72.0
2024-04-21 16:31:58,dev002,4.714285714285714,97.6428571428572,56.5,91.8,70.0
2024-04-21 16:31:58,dev007,12.454545454545453,93.77272727272725,56.5,91.3,71.0
2024-04-21 16:31:58,dev0015,12.5,93.75,56.5,91.4,70.0
2024-04-21 16:31:58,dev005,13.571428571428571,93.2142857142857,56.6,92.9,71.0
2024-04-21 16:31:58,dev008,23.285714285714285,88.35714285714289,56.7,91.7,70.0
2024-04-21 16:31:58,dev0018,12.5,93.75,56.9,91.0,70.0
2024-04-21 16:31:58,dev001,7.454545454545454,96.27272727272725,56.9,91.7,71.0
2024-04-21 16:31:58,dev000,11.0,94.50000000000003,56.9,92.7,71.0
2024-04-21 16:31:58,dev009,13.666666666666668,93.16666666666663,56.8,91.1,70.0
2024-04-21 16:31:59,dev0017,10.0,95.0,57.0,90.8,71.0
2024-04-21 16:31:59,dev0010,8.5,95.75000000000003,57.3,91.6,71.0
2024-04-21 16:31:59,dev0012,16.615384615384613,91.69230769230765,57.4,92.8,71.0
2024-04-21 16:31:59,dev006,16.0,92.00000000000003,57.4,92.6,71.0
2024-04-21 16:31:59,dev003,12.285714285714285,93.85714285714286,57.3,91.6,71.0
2024-04-21 16:31:59,dev004,10.333333333333334,94.83333333333334,57.3,91.9,71.0
2024-04-21 16:31:59,dev0013,7.0,96.50000000000006,57.4,92.6,70.0
2024-04-21 16:31:59,dev0016,11.0,94.50000000000003,57.4,91.4,70.0
2024-04-21 16:31:59,dev0019,12.529411764705882,93.73529411764707,57.4,92.2,71.0
2024-04-21 16:31:59,dev0014,11.0,94.50000000000003,57.3,91.8,71.0
2024-04-21 16:31:59,dev0011,12.0,94.00000000000006,58.4,93.5,70.0
2024-04-21 16:32:58,dev002,4.714285714285714,97.40714285714292,60.0,92.0,72.0
2024-04-21 16:32:58,dev007,12.454545454545453,93.14999999999998,60.1,92.3,71.0
2024-04-21 16:32:58,dev0015,12.5,93.125,60.1,90.4,71.0
2024-04-21 16:32:58,dev005,13.571428571428571,92.53571428571426,60.2,92.0,70.0
2024-04-21 16:32:58,dev0018,12.5,93.125,60.2,92.2,71.0
2024-04-21 16:32:58,dev009,13.666666666666668,92.48333333333329,60.4,91.1,70.0
2024-04-21 16:32:58,dev001,7.454545454545454,95.89999999999998,60.4,90.8,71.0
2024-04-21 16:32:59,dev000,11.0,93.95000000000003,60.6,92.7,71.0
2024-04-21 16:32:59,dev0017,10.0,94.5,60.4,91.2,71.0
2024-04-21 16:32:59,dev0010,8.5,95.32500000000003,60.5,91.3,70.0
2024-04-21 16:32:59,dev0012,16.615384615384613,90.86153846153842,60.4,90.9,70.0
2024-04-21 16:32:59,dev006,16.0,91.20000000000003,60.5,92.2,71.0
2024-04-21 16:32:59,dev004,10.333333333333334,94.31666666666668,60.5,90.8,70.0
2024-04-21 16:32:59,dev003,12.285714285714285,93.24285714285715,60.7,90.8,71.0
2024-04-21 16:32:59,dev0013,7.0,96.15000000000006,60.6,91.0,71.0
2024-04-21 16:32:59,dev0016,11.0,93.95000000000003,60.9,92.2,70.0
2024-04-21 16:32:59,dev0019,12.529411764705882,93.10882352941178,60.8,91.5,71.0
2024-04-21 16:32:59,dev0014,11.0,93.95000000000003,60.8,91.8,71.0
2024-04-21 16:32:58,dev008,23.285714285714285,87.19285714285718,60.8,91.2,70.0
2024-04-21 16:32:59,dev0011,12.0,93.40000000000006,60.9,91.2,72.0
2024-04-21 16:33:58,dev002,4.714285714285714,97.17142857142863,63.2,93.2,71.0
2024-04-21 16:33:58,dev007,12.454545454545453,92.5272727272727,63.9,95.8,71.0
2024-04-21 16:33:58,dev0015,12.5,92.5,62.6,94.4,70.0
2024-04-21 16:33:58,dev005,13.571428571428571,91.85714285714283,62.6,96.6,71.0
2024-04-21 16:33:58,dev0018,12.5,92.5,62.7,92.2,72.0
2024-04-21 16:33:58,dev009,13.666666666666668,91.79999999999995,62.7,92.0,71.0
2024-04-21 16:33:58,dev001,7.454545454545454,95.5272727272727,62.7,91.4,73.0
2024-04-21 16:33:59,dev000,11.0,93.40000000000003,62.8,92.6,70.0
2024-04-21 16:33:59,dev0017,10.0,94.0,62.9,91.9,71.0
2024-04-21 16:33:59,dev0010,8.5,94.90000000000003,63.1,91.3,72.0
2024-04-21 16:33:59,dev0012,16.615384615384613,90.03076923076918,63.0,90.7,72.0
2024-04-21 16:33:59,dev006,16.0,90.40000000000003,63.0,92.1,73.0
2024-04-21 16:33:59,dev003,12.285714285714285,92.62857142857143,63.3,91.9,70.0
2024-04-21 16:33:59,dev004,10.333333333333334,93.80000000000001,62.9,91.6,72.0
2024-04-21 16:33:59,dev0013,7.0,95.80000000000007,63.0,90.7,71.0
2024-04-21 16:33:59,dev0016,11.0,93.40000000000003,62.9,93.3,71.0
2024-04-21 16:33:59,dev0019,12.529411764705882,92.48235294117649,62.9,91.1,71.0
2024-04-21 16:33:59,dev0014,11.0,93.40000000000003,63.0,91.5,72.0
2024-04-21 16:33:59,dev0011,12.0,92.80000000000007,63.0,91.6,71.0
2024-04-21 16:33:58,dev008,23.285714285714285,86.02857142857147,63.0,92.2,71.0
2024-04-21 16:34:58,dev002,4.714285714285714,96.93571428571435,64.1,93.7,71.0
2024-04-21 16:34:58,dev007,12.454545454545453,91.90454545454543,64.2,92.5,71.0
2024-04-21 16:34:58,dev005,13.571428571428571,91.1785714285714,64.4,91.6,71.0
2024-04-21 16:34:58,dev0015,12.5,91.875,64.3,91.3,72.0
2024-04-21 16:34:58,dev008,23.285714285714285,84.86428571428576,64.2,90.9,71.0
2024-04-21 16:34:58,dev0018,12.5,91.875,64.4,91.7,71.0
2024-04-21 16:34:58,dev009,13.666666666666668,91.11666666666662,64.2,90.6,72.0
2024-04-21 16:34:58,dev001,7.454545454545454,95.15454545454543,64.2,91.1,72.0
2024-04-21 16:34:59,dev000,11.0,92.85000000000004,64.2,91.1,71.0
2024-04-21 16:34:59,dev0017,10.0,93.5,64.4,93.0,71.0
2024-04-21 16:34:59,dev0010,8.5,94.47500000000004,64.2,91.3,70.0
2024-04-21 16:34:59,dev0012,16.615384615384613,89.19999999999995,64.3,91.0,71.0
2024-04-21 16:34:59,dev004,10.333333333333334,93.28333333333335,64.3,91.6,70.0
2024-04-21 16:34:59,dev006,16.0,89.60000000000004,64.3,93.7,71.0
2024-04-21 16:34:59,dev003,12.285714285714285,92.01428571428572,64.2,91.7,71.0
2024-04-21 16:34:59,dev0013,7.0,95.45000000000007,64.2,92.3,70.0
2024-04-21 16:34:59,dev0016,11.0,92.85000000000004,64.2,91.6,71.0
2024-04-21 16:34:59,dev0019,12.529411764705882,91.8558823529412,64.7,92.1,70.0
2024-04-21 16:34:59,dev0014,11.0,92.85000000000004,64.3,90.8,71.0
2024-04-21 16:34:59,dev0011,12.0,92.20000000000007,64.3,92.5,71.0
2024-04-21 16:35:58,dev002,4.714285714285714,96.70000000000007,64.7,90.9,70.0
2024-04-21 16:35:58,dev007,12.454545454545453,91.28181818181815,64.7,91.0,71.0
2024-04-21 16:35:58,dev005,13.571428571428571,90.49999999999997,64.7,91.2,71.0
2024-04-21 16:35:58,dev0015,12.5,91.25,64.7,92.8,71.0
2024-04-21 16:35:58,dev0018,12.5,91.25,64.7,91.8,71.0
2024-04-21 16:35:58,dev009,13.666666666666668,90.43333333333328,64.6,92.4,71.0
2024-04-21 16:35:59,dev001,7.454545454545454,94.78181818181815,64.7,91.0,71.0
2024-04-21 16:35:59,dev000,11.0,92.30000000000004,64.7,92.8,71.0
2024-04-21 16:35:59,dev0017,10.0,93.0,64.7,91.1,71.0
2024-04-21 16:35:59,dev0010,8.5,94.05000000000004,64.6,91.4,71.0
2024-04-21 16:35:59,dev0012,16.615384615384613,88.36923076923071,64.9,90.0,71.0
2024-04-21 16:35:59,dev004,10.333333333333334,92.76666666666668,64.6,93.6,71.0
2024-04-21 16:35:59,dev006,16.0,88.80000000000004,64.6,91.1,72.0
2024-04-21 16:35:59,dev003,12.285714285714285,91.4,64.8,91.7,71.0
2024-04-21 16:35:59,dev0013,7.0,95.10000000000008,65.0,91.8,70.0
2024-04-21 16:35:59,dev0016,11.0,92.30000000000004,65.0,90.1,72.0
2024-04-21 16:35:59,dev0019,12.529411764705882,91.2294117647059,64.7,92.2,71.0
2024-04-21 16:35:59,dev0014,11.0,92.30000000000004,64.7,92.5,71.0
2024-04-21 16:35:59,dev0011,12.0,91.60000000000008,64.8,91.6,72.0
2024-04-21 16:35:58,dev008,23.285714285714285,83.70000000000005,65.3,90.9,71.0
2024-04-21 16:36:58,dev002,4.714285714285714,96.4642857142858,65.2,91.3,71.0
2024-04-21 16:36:58,dev007,12.454545454545453,90.65909090909088,65.0,92.7,71.0
2024-04-21 16:36:58,dev005,13.571428571428571,89.82142857142854,65.1,91.6,71.0
2024-04-21 16:36:58,dev0015,12.5,90.625,65.1,92.7,71.0
2024-04-21 16:36:58,dev0018,12.5,90.625,65.0,91.1,71.0
2024-04-21 16:36:58,dev009,13.666666666666668,89.74999999999994,65.0,91.3,70.0
2024-04-21 16:36:59,dev001,7.454545454545454,94.40909090909088,65.0,91.9,71.0
2024-04-21 16:36:59,dev000,11.0,91.75000000000004,64.9,92.8,72.0
2024-04-21 16:36:59,dev0017,10.0,92.5,65.0,91.5,72.0
2024-04-21 16:36:59,dev0010,8.5,93.62500000000004,64.9,91.9,71.0
2024-04-21 16:36:59,dev0012,16.615384615384613,87.53846153846148,65.0,91.3,70.0
2024-04-21 16:36:59,dev006,16.0,88.00000000000004,65.1,93.0,72.0
2024-04-21 16:36:59,dev004,10.333333333333334,92.25000000000001,65.0,91.2,72.0
2024-04-21 16:36:59,dev003,12.285714285714285,90.78571428571429,65.0,92.6,72.0
2024-04-21 16:36:59,dev0013,7.0,94.75000000000009,65.0,91.1,72.0
2024-04-21 16:36:59,dev0016,11.0,91.75000000000004,65.1,91.4,71.0
2024-04-21 16:36:59,dev0019,12.529411764705882,90.60294117647061,65.0,90.9,72.0
2024-04-21 16:36:59,dev0011,12.0,91.00000000000009,65.0,92.5,71.0
2024-04-21 16:36:59,dev0014,11.0,91.75000000000004,64.9,91.3,71.0
2024-04-21 16:36:58,dev008,23.285714285714285,82.53571428571433,65.0,91.4,71.0
2024-04-21 16:37:58,dev002,4.714285714285714,96.22857142857151,65.2,91.1,71.0
2024-04-21 16:37:58,dev007,12.454545454545453,90.0363636363636,65.2,92.5,72.0
2024-04-21 16:37:58,dev005,13.571428571428571,89.14285714285711,65.2,90.9,71.0
2024-04-21 16:37:58,dev0015,12.5,90.0,65.2,91.7,71.0
2024-04-21 16:37:58,dev008,23.285714285714285,81.37142857142862,65.3,91.4,71.0
2024-04-21 16:37:58,dev0018,12.5,90.0,65.2,92.3,71.0
2024-04-21 16:37:58,dev009,13.666666666666668,89.0666666666666,65.1,90.9,71.0
2024-04-21 16:37:59,dev001,7.454545454545454,94.0363636363636,65.2,91.0,71.0
2024-04-21 16:37:59,dev000,11.0,91.20000000000005,65.3,91.2,71.0
2024-04-21 16:37:59,dev0017,10.0,92.0,65.2,92.8,71.0
2024-04-21 16:37:59,dev0012,16.615384615384613,86.70769230769224,65.2,90.7,71.0
2024-04-21 16:37:59,dev0010,8.5,93.20000000000005,65.1,92.4,70.0
2024-04-21 16:37:59,dev006,16.0,87.20000000000005,65.1,90.8,71.0
2024-04-21 16:37:59,dev004,10.333333333333334,91.73333333333335,65.0,91.8,71.0
2024-04-21 16:37:59,dev003,12.285714285714285,90.17142857142858,65.1,91.0,71.0
2024-04-21 16:37:59,dev0013,7.0,94.40000000000009,65.1,92.2,71.0
2024-04-21 16:37:59,dev0016,11.0,91.20000000000005,65.2,91.3,71.0
2024-04-21 16:37:59,dev0019,12.529411764705882,89.97647058823532,65.0,92.8,70.0
2024-04-21 16:37:59,dev0014,11.0,91.20000000000005,65.1,91.4,71.0
2024-04-21 16:37:59,dev0011,12.0,90.40000000000009,65.1,91.5,72.0
2024-04-21 16:38:58,dev002,4.714285714285714,95.99285714285723,65.1,91.8,71.0
2024-04-21 16:38:58,dev007,12.454545454545453,89.41363636363633,65.1,91.0,71.0
2024-04-21 16:38:58,dev005,13.571428571428571,88.46428571428568,65.1,90.8,72.0
2024-04-21 16:38:58,dev0015,12.5,89.375,64.9,92.6,71.0
2024-04-21 16:38:58,dev008,23.285714285714285,80.20714285714291,65.0,91.5,71.0
2024-04-21 16:38:58,dev0018,12.5,89.375,65.1,92.6,71.0
2024-04-21 16:38:58,dev009,13.666666666666668,88.38333333333327,65.1,91.0,70.0
2024-04-21 16:38:59,dev001,7.454545454545454,93.66363636363633,65.2,92.8,71.0
2024-04-21 16:38:59,dev0017,10.0,91.5,65.0,91.2,72.0
2024-04-21 16:38:59,dev000,11.0,90.65000000000005,65.0,91.2,71.0
2024-04-21 16:38:59,dev0012,16.615384615384613,85.876923076923,65.0,92.3,71.0
2024-04-21 16:38:59,dev006,16.0,86.40000000000005,65.1,92.8,71.0
2024-04-21 16:38:59,dev0010,8.5,92.77500000000005,65.0,90.8,71.0
2024-04-21 16:38:59,dev004,10.333333333333334,91.21666666666668,65.3,91.2,70.0
2024-04-21 16:38:59,dev003,12.285714285714285,89.55714285714286,65.1,90.9,71.0
2024-04-21 16:38:59,dev0013,7.0,94.0500000000001,65.1,93.3,71.0
2024-04-21 16:38:59,dev0016,11.0,90.65000000000005,65.1,91.4,72.0
2024-04-21 16:38:59,dev0019,12.529411764705882,89.35000000000002,65.1,92.2,72.0
2024-04-21 16:38:59,dev0014,11.0,90.65000000000005,65.1,90.9,71.0
2024-04-21 16:38:59,dev0011,12.0,89.8000000000001,65.1,90.7,72.0
2024-04-21 16:39:58,dev002,4.714285714285714,95.75714285714295,70.4,95.1,72.0
2024-04-21 16:39:58,dev007,12.454545454545453,88.79090909090905,70.6,95.9,73.0
2024-04-21 16:39:58,dev005,13.571428571428571,87.78571428571425,70.8,92.5,72.0
2024-04-21 16:39:58,dev0015,12.5,88.75,71.0,92.2,73.0
2024-04-21 16:39:58,dev009,13.666666666666668,87.69999999999993,71.2,91.5,72.0
2024-04-21 16:39:58,dev0018,12.5,88.75,71.3,94.7,72.0
2024-04-21 16:39:59,dev001,7.454545454545454,93.29090909090905,71.3,94.6,72.0
2024-04-21 16:39:59,dev000,11.0,90.10000000000005,71.6,94.1,72.0
2024-04-21 16:39:59,dev0017,10.0,91.0,71.6,94.1,72.0
2024-04-21 16:39:59,dev0012,16.615384615384613,85.04615384615377,71.6,95.7,72.0
2024-04-21 16:39:59,dev006,16.0,85.60000000000005,71.8,94.2,72.0
2024-04-21 16:39:59,dev0010,8.5,92.35000000000005,71.7,95.5,72.0
2024-04-21 16:39:59,dev003,12.285714285714285,88.94285714285715,71.6,93.9,72.0
2024-04-21 16:39:59,dev004,10.333333333333334,90.70000000000002,71.6,93.4,73.0
2024-04-21 16:39:59,dev0016,11.0,90.10000000000005,71.6,95.6,71.0
2024-04-21 16:39:58,dev008,23.285714285714285,79.0428571428572,71.6,97.6,71.0
2024-04-21 16:39:59,dev0014,11.0,90.10000000000005,71.7,95.8,72.0
2024-04-21 16:39:59,dev0019,12.529411764705882,88.72352941176473,72.0,98.6,72.0
2024-04-21 16:39:59,dev0013,7.0,93.7000000000001,71.5,98.9,71.0
2024-04-21 16:39:59,dev0011,12.0,89.2000000000001,71.5,97.3,71.0
2024-04-21 16:40:58,dev002,4.714285714285714,95.52142857142867,73.0,97.3,70.0
2024-04-21 16:40:58,dev007,12.454545454545453,88.16818181818178,72.6,97.3,69.0
2024-04-21 16:40:58,dev005,13.571428571428571,87.10714285714282,72.5,98.0,69.0
2024-04-21 16:40:58,dev0015,12.5,88.125,72.6,97.1,71.0
2024-04-21 16:40:58,dev0018,12.5,88.125,72.5,97.2,70.0
2024-04-21 16:40:58,dev009,13.666666666666668,87.0166666666666,72.6,97.1,70.0
2024-04-21 16:40:59,dev001,7.454545454545454,92.91818181818178,72.7,97.1,70.0
2024-04-21 16:40:59,dev000,11.0,89.55000000000005,72.7,97.2,70.0
2024-04-21 16:40:59,dev0017,10.0,90.5,72.8,98.4,70.0
2024-04-21 16:40:59,dev0012,16.615384615384613,84.21538461538454,72.8,98.4,69.0
2024-04-21 16:40:59,dev006,16.0,84.80000000000005,72.8,97.7,70.0
2024-04-21 16:40:59,dev0010,8.5,91.92500000000005,73.0,97.6,70.0
2024-04-21 16:40:59,dev004,10.333333333333334,90.18333333333335,73.0,97.1,71.0
2024-04-21 16:40:59,dev003,12.285714285714285,88.32857142857144,73.4,98.0,70.0
2024-04-21 16:40:59,dev0013,7.0,93.35000000000011,73.8,96.4,70.0
2024-04-21 16:40:59,dev0016,11.0,89.55000000000005,73.7,96.4,71.0
2024-04-21 16:40:59,dev0014,11.0,89.55000000000005,73.4,97.6,71.0
2024-04-21 16:40:59,dev0019,12.529411764705882,88.09705882352944,73.5,95.4,71.0
2024-04-21 16:40:59,dev0011,12.0,88.60000000000011,73.6,96.8,71.0
2024-04-21 16:40:58,dev008,23.285714285714285,77.87857142857149,73.6,95.7,70.0
2024-04-21 16:41:58,dev002,4.714285714285714,95.28571428571439,73.5,94.0,71.0
2024-04-21 16:41:58,dev007,12.454545454545453,87.5454545454545,73.4,93.4,70.0
2024-04-21 16:41:58,dev005,13.571428571428571,86.42857142857139,73.4,91.6,71.0
2024-04-21 16:41:58,dev008,23.285714285714285,76.71428571428578,73.3,93.9,70.0
2024-04-21 16:41:58,dev0015,12.5,87.5,73.7,92.0,72.0
2024-04-21 16:41:58,dev0018,12.5,87.5,73.8,91.9,71.0
2024-04-21 16:41:58,dev009,13.666666666666668,86.33333333333326,73.4,92.1,72.0
2024-04-21 16:41:59,dev001,7.454545454545454,92.5454545454545,73.3,92.4,72.0
2024-04-21 16:41:59,dev000,11.0,89.00000000000006,73.4,91.3,71.0
2024-04-21 16:41:59,dev0017,10.0,90.0,73.4,91.0,71.0
2024-04-21 16:41:59,dev0012,16.615384615384613,83.3846153846153,73.4,91.5,71.0
2024-04-21 16:41:59,dev006,16.0,84.00000000000006,73.4,94.1,71.0
2024-04-21 16:41:59,dev0010,8.5,91.50000000000006,73.4,94.4,71.0
2024-04-21 16:41:59,dev003,12.285714285714285,87.71428571428572,73.5,95.8,71.0
2024-04-21 16:41:59,dev004,10.333333333333334,89.66666666666669,73.4,93.4,70.0
2024-04-21 16:41:59,dev0013,7.0,93.00000000000011,73.5,92.3,70.0
2024-04-21 16:41:59,dev0016,11.0,89.00000000000006,70.6,95.7,70.0
2024-04-21 16:41:59,dev0014,11.0,89.00000000000006,70.6,94.3,71.0
2024-04-21 16:41:59,dev0019,12.529411764705882,87.47058823529414,70.8,95.7,71.0
2024-04-21 16:41:59,dev0011,12.0,88.00000000000011,70.9,92.9,71.0
2024-04-21 16:42:58,dev007,12.454545454545453,86.92272727272723,71.1,90.7,72.0
2024-04-21 16:42:58,dev002,4.714285714285714,95.05000000000011,70.7,95.1,72.0
2024-04-21 16:42:58,dev005,13.571428571428571,85.74999999999996,71.4,93.7,70.0
2024-04-21 16:42:58,dev0015,12.5,86.875,71.5,96.6,71.0
2024-04-21 16:42:58,dev0018,12.5,86.875,71.6,94.6,71.0
2024-04-21 16:42:58,dev009,13.666666666666668,85.64999999999992,71.6,94.8,71.0
2024-04-21 16:42:59,dev001,7.454545454545454,92.17272727272723,71.5,91.6,71.0
2024-04-21 16:42:59,dev000,11.0,88.45000000000006,71.4,91.7,70.0
2024-04-21 16:42:59,dev0017,10.0,89.5,71.4,93.4,72.0
2024-04-21 16:42:59,dev0012,16.615384615384613,82.55384615384607,72.0,96.8,71.0
2024-04-21 16:42:59,dev006,16.0,83.20000000000006,71.7,94.9,71.0
2024-04-21 16:42:59,dev0010,8.5,91.07500000000006,71.3,92.8,71.0
2024-04-21 16:42:59,dev004,10.333333333333334,89.15000000000002,71.2,91.6,71.0
2024-04-21 16:42:59,dev003,12.285714285714285,87.10000000000001,71.1,93.9,71.0
2024-04-21 16:42:59,dev0016,11.0,88.45000000000006,71.0,91.8,71.0
2024-04-21 16:42:59,dev0014,11.0,88.45000000000006,71.1,93.8,70.0
2024-04-21 16:42:59,dev0019,12.529411764705882,86.84411764705885,71.1,91.8,71.0
2024-04-21 16:42:59,dev0013,7.0,92.65000000000012,71.2,92.5,71.0
2024-04-21 16:42:59,dev0011,12.0,87.40000000000012,71.1,90.9,71.0
2024-04-21 16:42:58,dev008,23.285714285714285,75.55000000000007,71.1,92.3,71.0
2024-04-21 16:43:58,dev007,12.454545454545453,86.29999999999995,71.2,91.8,70.0
2024-04-21 16:43:58,dev002,4.714285714285714,94.81428571428583,70.9,92.1,72.0
2024-04-21 16:43:58,dev005,13.571428571428571,85.07142857142853,70.9,91.6,70.0
2024-04-21 16:43:58,dev008,23.285714285714285,74.38571428571436,71.0,93.2,72.0
2024-04-21 16:43:58,dev0015,12.5,86.25,71.1,91.6,71.0
2024-04-21 16:43:58,dev0018,12.5,86.25,71.0,93.0,72.0
2024-04-21 16:43:58,dev009,13.666666666666668,84.96666666666658,71.0,91.8,71.0
2024-04-21 16:43:59,dev001,7.454545454545454,91.79999999999995,71.2,90.1,71.0
2024-04-21 16:43:59,dev000,11.0,87.90000000000006,71.3,91.9,71.0
2024-04-21 16:43:59,dev0012,16.615384615384613,81.72307692307683,71.2,92.0,71.0
2024-04-21 16:43:59,dev006,16.0,82.40000000000006,71.3,90.7,72.0
2024-04-21 16:43:59,dev0010,8.5,90.65000000000006,71.2,91.7,72.0
2024-04-21 16:43:59,dev004,10.333333333333334,88.63333333333335,71.2,91.6,71.0
2024-04-21 16:43:59,dev003,12.285714285714285,86.4857142857143,71.1,93.3,71.0
2024-04-21 16:43:59,dev0017,10.0,89.0,71.8,92.6,71.0
2024-04-21 16:43:59,dev0013,7.0,92.30000000000013,71.6,89.9,69.0
2024-04-21 16:43:59,dev0016,11.0,87.90000000000006,71.5,92.8,71.0
2024-04-21 16:43:59,dev0019,12.529411764705882,86.21764705882356,71.3,93.3,72.0
2024-04-21 16:43:59,dev0011,12.0,86.80000000000013,71.4,92.5,71.0
2024-04-21 16:44:58,dev007,12.454545454545453,85.67727272727268,71.5,91.7,70.0
2024-04-21 16:44:58,dev002,4.714285714285714,94.57857142857155,71.4,91.2,72.0
2024-04-21 16:44:58,dev008,23.285714285714285,73.22142857142865,71.4,91.4,71.0
2024-04-21 16:44:58,dev005,13.571428571428571,84.3928571428571,71.6,92.8,71.0
2024-04-21 16:44:58,dev0015,12.5,85.625,71.8,91.8,70.0
2024-04-21 16:44:58,dev0018,12.5,85.625,71.5,91.4,72.0
2024-04-21 16:44:58,dev009,13.666666666666668,84.28333333333325,71.7,91.5,72.0
2024-04-21 16:44:59,dev000,11.0,87.35000000000007,71.9,91.7,71.0
2024-04-21 16:44:59,dev001,7.454545454545454,91.42727272727268,71.8,91.5,72.0
2024-04-21 16:44:59,dev0017,10.0,88.5,72.3,92.1,71.0
2024-04-21 16:44:59,dev0012,16.615384615384613,80.8923076923076,73.1,92.2,71.0
2024-04-21 16:44:59,dev006,16.0,81.60000000000007,73.1,92.5,71.0
2024-04-21 16:44:59,dev0010,8.5,90.22500000000007,73.2,91.4,71.0
2024-04-21 16:44:59,dev004,10.333333333333334,88.11666666666669,73.0,92.6,71.0
2024-04-21 16:44:59,dev003,12.285714285714285,85.87142857142858,73.2,91.4,71.0
2024-04-21 16:44:59,dev0016,11.0,87.35000000000007,73.2,91.4,71.0
2024-04-21 16:44:59,dev0013,7.0,91.95000000000013,73.2,91.5,71.0
2024-04-21 16:44:59,dev0019,12.529411764705882,85.59117647058827,73.3,93.2,72.0
2024-04-21 16:44:59,dev0011,12.0,86.20000000000013,73.2,91.7,72.0
2024-04-21 16:45:58,dev007,12.454545454545453,85.0545454545454,72.3,91.1,71.0
2024-04-21 16:45:58,dev002,4.714285714285714,94.34285714285727,72.2,92.4,71.0
2024-04-21 16:45:58,dev005,13.571428571428571,83.71428571428567,72.3,91.3,71.0
2024-04-21 16:45:58,dev0015,12.5,85.0,72.3,91.7,71.0
2024-04-21 16:45:59,dev009,13.666666666666668,83.59999999999991,72.4,91.3,72.0
2024-04-21 16:45:58,dev0018,12.5,85.0,72.3,92.8,71.0
2024-04-21 16:45:59,dev000,11.0,86.80000000000007,72.3,91.6,71.0
2024-04-21 16:45:59,dev001,7.454545454545454,91.0545454545454,72.4,91.7,71.0
2024-04-21 16:45:59,dev0017,10.0,88.0,72.4,92.1,71.0
2024-04-21 16:45:59,dev0012,16.615384615384613,80.06153846153836,72.4,92.4,72.0
2024-04-21 16:45:59,dev006,16.0,80.80000000000007,72.4,91.7,71.0
2024-04-21 16:45:59,dev0010,8.5,89.80000000000007,72.4,91.4,72.0
2024-04-21 16:45:59,dev004,10.333333333333334,87.60000000000002,72.3,91.4,72.0
2024-04-21 16:45:59,dev003,12.285714285714285,85.25714285714287,72.4,93.2,71.0
2024-04-21 16:45:58,dev008,23.285714285714285,72.05714285714294,72.5,91.7,71.0
2024-04-21 16:45:59,dev0016,11.0,86.80000000000007,72.5,91.1,71.0
2024-04-21 16:45:59,dev0019,12.529411764705882,84.96470588235297,72.1,91.5,71.0
2024-04-21 16:45:59,dev0011,12.0,85.60000000000014,72.1,92.2,70.0
2024-04-21 16:45:59,dev0013,7.0,91.60000000000014,72.3,91.8,71.0
2024-04-21 16:46:58,dev007,12.454545454545453,84.43181818181813,72.2,90.5,71.0
2024-04-21 16:46:58,dev002,4.714285714285714,94.10714285714299,72.2,92.2,71.0
2024-04-21 16:46:58,dev008,23.285714285714285,70.89285714285722,72.2,92.4,71.0
2024-04-21 16:46:58,dev0015,12.5,84.375,72.2,93.3,72.0
2024-04-21 16:46:58,dev0018,12.5,84.375,72.2,90.7,71.0
2024-04-21 16:46:59,dev009,13.666666666666668,82.91666666666657,72.2,91.1,70.0
2024-04-21 16:46:59,dev000,11.0,86.25000000000007,72.2,90.5,71.0
2024-04-21 16:46:59,dev001,7.454545454545454,90.68181818181813,72.2,92.5,72.0
2024-04-21 16:46:59,dev0017,10.0,87.5,72.3,91.3,71.0
2024-04-21 16:46:59,dev0012,16.615384615384613,79.23076923076913,72.3,92.3,72.0
2024-04-21 16:46:59,dev006,16.0,80.00000000000007,72.3,91.0,71.0
2024-04-21 16:46:59,dev0010,8.5,89.37500000000007,72.4,90.8,71.0
2024-04-21 16:46:59,dev004,10.333333333333334,87.08333333333336,72.3,90.8,71.0
2024-04-21 16:46:59,dev003,12.285714285714285,84.64285714285715,72.3,92.4,71.0
2024-04-21 16:46:59,dev0016,11.0,86.25000000000007,72.3,91.6,71.0
2024-04-21 16:46:59,dev0013,7.0,91.25000000000014,72.3,92.6,71.0
2024-04-21 16:46:59,dev0019,12.529411764705882,84.33823529411768,72.4,92.1,71.0
2024-04-21 16:46:59,dev0011,12.0,85.00000000000014,72.4,92.6,71.0
2024-04-21 16:47:58,dev007,12.454545454545453,83.80909090909086,72.9,91.3,70.0
2024-04-21 16:47:58,dev002,4.714285714285714,93.87142857142871,72.9,92.8,71.0
2024-04-21 16:47:58,dev008,23.285714285714285,69.72857142857151,72.9,90.7,71.0
2024-04-21 16:47:58,dev0015,12.5,83.75,72.9,92.7,70.0
2024-04-21 16:47:58,dev0018,12.5,83.75,73.0,90.6,71.0
2024-04-21 16:47:59,dev009,13.666666666666668,82.23333333333323,72.9,90.9,71.0
2024-04-21 16:47:59,dev000,11.0,85.70000000000007,72.9,90.9,72.0
2024-04-21 16:47:59,dev001,7.454545454545454,90.30909090909086,72.9,92.5,70.0
2024-04-21 16:47:59,dev0017,10.0,87.0,72.9,91.2,72.0
2024-04-21 16:47:59,dev0012,16.615384615384613,78.39999999999989,72.9,92.4,70.0
2024-04-21 16:47:59,dev006,16.0,79.20000000000007,73.0,91.7,71.0
2024-04-21 16:47:59,dev0010,8.5,88.95000000000007,73.0,91.0,71.0
2024-04-21 16:47:59,dev003,12.285714285714285,84.02857142857144,73.0,91.3,71.0
2024-04-21 16:47:59,dev004,10.333333333333334,86.56666666666669,72.7,97.4,71.0
2024-04-21 16:47:59,dev0016,11.0,85.70000000000007,70.8,97.2,71.0
2024-04-21 16:47:59,dev0013,7.0,90.90000000000015,70.8,93.6,71.0
2024-04-21 16:47:59,dev0019,12.529411764705882,83.71176470588239,70.8,91.5,71.0
2024-04-21 16:47:59,dev0011,12.0,84.40000000000015,70.8,91.6,71.0
2024-04-21 16:48:58,dev007,12.454545454545453,83.18636363636358,71.2,90.8,70.0
2024-04-21 16:48:58,dev002,4.714285714285714,93.63571428571443,71.3,93.0,71.0
2024-04-21 16:48:58,dev0015,12.5,83.125,71.3,91.6,70.0
2024-04-21 16:48:58,dev008,23.285714285714285,68.5642857142858,71.4,91.4,71.0
2024-04-21 16:48:58,dev0018,12.5,83.125,71.3,90.9,71.0
2024-04-21 16:48:59,dev009,13.666666666666668,81.5499999999999,71.4,91.8,70.0
2024-04-21 16:48:59,dev000,11.0,85.15000000000008,71.3,90.9,71.0
2024-04-21 16:48:59,dev001,7.454545454545454,89.93636363636358,71.4,93.0,70.0
2024-04-21 16:48:59,dev0017,10.0,86.5,71.4,92.2,71.0
2024-04-21 16:48:59,dev0012,16.615384615384613,77.56923076923066,71.3,91.5,70.0
2024-04-21 16:48:59,dev0010,8.5,88.52500000000008,71.3,92.1,71.0
2024-04-21 16:48:59,dev003,12.285714285714285,83.41428571428573,71.3,92.9,71.0
2024-04-21 16:48:59,dev004,10.333333333333334,86.05000000000003,71.4,91.8,71.0
2024-04-21 16:48:59,dev006,16.0,78.40000000000008,71.4,92.9,70.0
2024-04-21 16:48:59,dev0016,11.0,85.15000000000008,71.4,93.3,70.0
2024-04-21 16:48:59,dev0013,7.0,90.55000000000015,71.4,91.3,71.0
2024-04-21 16:48:59,dev0019,12.529411764705882,83.0852941176471,71.4,91.3,71.0
2024-04-21 16:48:59,dev0011,12.0,83.80000000000015,71.4,92.3,71.0
2024-04-21 16:49:58,dev007,12.454545454545453,82.5636363636363,71.8,90.8,71.0
2024-04-21 16:49:58,dev002,4.714285714285714,93.40000000000015,71.8,90.8,71.0
2024-04-21 16:49:58,dev008,23.285714285714285,67.40000000000009,71.9,91.3,71.0
2024-04-21 16:49:58,dev0015,12.5,82.5,71.8,92.2,70.0
2024-04-21 16:49:58,dev0018,12.5,82.5,71.8,91.3,71.0
2024-04-21 16:49:59,dev009,13.666666666666668,80.86666666666656,71.9,92.2,70.0
2024-04-21 16:49:59,dev000,11.0,84.60000000000008,71.8,90.7,70.0
2024-04-21 16:49:59,dev001,7.454545454545454,89.5636363636363,71.8,92.2,72.0
2024-04-21 16:49:59,dev0012,16.615384615384613,76.73846153846142,71.9,91.1,71.0
2024-04-21 16:49:59,dev006,16.0,77.60000000000008,71.9,90.8,71.0
2024-04-21 16:49:59,dev0010,8.5,88.10000000000008,71.8,91.2,71.0
2024-04-21 16:49:59,dev0017,10.0,86.0,71.8,92.3,71.0
2024-04-21 16:49:59,dev003,12.285714285714285,82.80000000000001,71.9,90.9,72.0
2024-04-21 16:49:59,dev004,10.333333333333334,85.53333333333336,71.9,92.4,71.0
2024-04-21 16:49:59,dev0016,11.0,84.60000000000008,71.9,91.3,70.0
2024-04-21 16:49:59,dev0013,7.0,90.20000000000016,71.9,90.7,70.0
2024-04-21 16:49:59,dev0019,12.529411764705882,82.4588235294118,71.9,91.1,70.0
2024-04-21 16:49:59,dev0011,12.0,83.20000000000016,72.0,92.6,71.0
2024-04-21 16:50:58,dev007,12.454545454545453,81.94090909090903,72.7,94.5,70.0
2024-04-21 16:50:58,dev002,4.714285714285714,93.16428571428587,72.8,90.9,71.0
2024-04-21 16:50:58,dev008,23.285714285714285,66.23571428571438,72.8,91.1,71.0
2024-04-21 16:50:58,dev0015,12.5,81.875,72.7,92.9,70.0
2024-04-21 16:50:58,dev0018,12.5,81.875,72.8,91.1,71.0
2024-04-21 16:50:59,dev009,13.666666666666668,80.18333333333322,72.7,92.2,71.0
2024-04-21 16:50:59,dev000,11.0,84.05000000000008,72.8,91.3,71.0
2024-04-21 16:50:59,dev001,7.454545454545454,89.19090909090903,72.8,93.0,70.0
2024-04-21 16:50:59,dev0017,10.0,85.5,72.8,90.7,71.0
2024-04-21 16:50:59,dev0012,16.615384615384613,75.90769230769219,72.8,93.0,71.0
2024-04-21 16:50:59,dev0010,8.5,87.67500000000008,72.8,91.2,70.0
2024-04-21 16:50:59,dev003,12.285714285714285,82.1857142857143,72.8,90.6,71.0
2024-04-21 16:50:59,dev004,10.333333333333334,85.0166666666667,72.8,90.9,71.0
2024-04-21 16:50:59,dev0016,11.0,84.05000000000008,72.8,93.3,71.0
2024-04-21 16:50:59,dev0013,7.0,89.85000000000016,72.8,91.3,71.0
2024-04-21 16:50:59,dev0019,12.529411764705882,81.83235294117651,72.8,91.9,71.0
2024-04-21 16:51:58,dev007,12.454545454545453,81.31818181818176,73.2,91.2,71.0
2024-04-21 16:51:58,dev002,4.714285714285714,92.92857142857159,73.1,92.6,71.0
2024-04-21 16:51:58,dev0015,12.5,81.25,73.1,90.7,70.0
2024-04-21 16:51:58,dev008,23.285714285714285,65.07142857142867,73.1,92.2,70.0
2024-04-21 16:51:59,dev0018,12.5,81.25,73.2,91.1,70.0
2024-04-21 16:51:59,dev009,13.666666666666668,79.49999999999989,73.1,91.1,70.0
2024-04-21 16:51:59,dev000,11.0,83.50000000000009,73.2,91.1,72.0
2024-04-21 16:51:59,dev001,7.454545454545454,88.81818181818176,73.1,92.5,71.0
2024-04-21 16:51:59,dev0012,16.615384615384613,75.07692307692295,73.1,95.7,71.0
2024-04-21 16:51:59,dev0010,8.5,87.25000000000009,73.2,96.3,71.0
2024-04-21 16:51:59,dev0017,10.0,85.0,73.4,91.3,71.0
2024-04-21 16:51:59,dev003,12.285714285714285,81.57142857142858,73.3,91.4,71.0
2024-04-21 16:51:59,dev004,10.333333333333334,84.50000000000003,73.3,92.3,70.0
2024-04-21 16:51:59,dev0016,11.0,83.50000000000009,73.3,91.3,72.0
2024-04-21 16:51:59,dev0013,7.0,89.50000000000017,73.2,91.1,71.0
2024-04-21 16:51:59,dev0019,12.529411764705882,81.20588235294122,73.2,90.7,71.0
2024-04-21 16:52:58,dev007,12.454545454545453,80.69545454545448,73.8,91.3,71.0
2024-04-21 16:52:58,dev008,23.285714285714285,63.90714285714296,73.7,92.4,71.0
2024-04-21 16:52:58,dev002,4.714285714285714,92.6928571428573,73.8,91.3,71.0
2024-04-21 16:52:58,dev0015,12.5,80.625,73.8,92.1,70.0
2024-04-21 16:52:59,dev0018,12.5,80.625,73.8,92.4,70.0
2024-04-21 16:52:59,dev009,13.666666666666668,78.81666666666655,73.9,91.6,71.0
2024-04-21 16:52:59,dev000,11.0,82.95000000000009,73.9,91.8,71.0
2024-04-21 16:52:59,dev001,7.454545454545454,88.44545454545448,73.9,91.7,71.0
2024-04-21 16:52:59,dev0017,10.0,84.5,73.9,91.1,70.0
2024-04-21 16:52:59,dev0012,16.615384615384613,74.24615384615372,73.8,91.6,70.0
2024-04-21 16:52:59,dev0010,8.5,86.82500000000009,73.9,90.7,70.0
2024-04-21 16:52:59,dev003,12.285714285714285,80.95714285714287,73.9,92.7,71.0
2024-04-21 16:52:59,dev004,10.333333333333334,83.98333333333336,73.9,91.3,71.0
2024-04-21 16:52:59,dev0016,11.0,82.95000000000009,74.0,91.1,71.0
2024-04-21 16:52:59,dev0013,7.0,89.15000000000018,74.0,91.0,72.0
2024-04-21 16:52:59,dev0019,12.529411764705882,80.57941176470592,74.0,92.2,70.0
2024-04-21 16:53:58,dev007,12.454545454545453,80.0727272727272,74.4,90.7,71.0
2024-04-21 16:53:58,dev008,23.285714285714285,62.74285714285725,74.5,91.1,72.0
2024-04-21 16:53:58,dev002,4.714285714285714,92.45714285714303,74.4,91.6,71.0
2024-04-21 16:53:58,dev0015,12.5,80.0,74.5,92.4,71.0
2024-04-21 16:53:59,dev0018,12.5,80.0,74.4,90.9,71.0
2024-04-21 16:53:59,dev009,13.666666666666668,78.13333333333321,74.5,91.7,70.0
2024-04-21 16:53:59,dev000,11.0,82.40000000000009,74.5,91.1,71.0
2024-04-21 16:53:59,dev001,7.454545454545454,88.0727272727272,74.5,92.0,71.0
2024-04-21 16:53:59,dev0017,10.0,84.0,74.6,91.0,71.0
2024-04-21 16:53:59,dev0012,16.615384615384613,73.41538461538448,74.6,92.4,70.0
2024-04-21 16:53:59,dev0010,8.5,86.40000000000009,74.6,92.3,71.0
2024-04-21 16:53:59,dev003,12.285714285714285,80.34285714285716,74.7,90.9,71.0
2024-04-21 16:53:59,dev004,10.333333333333334,83.4666666666667,74.7,90.7,70.0
2024-04-21 16:53:59,dev0016,11.0,82.40000000000009,74.7,92.7,71.0
2024-04-21 16:53:59,dev0013,7.0,88.80000000000018,74.6,90.6,71.0
2024-04-21 16:53:59,dev0019,12.529411764705882,79.95294117647063,74.7,91.1,70.0
2024-04-21 16:54:58,dev007,12.454545454545453,79.44999999999993,75.1,91.0,71.0
2024-04-21 16:54:58,dev002,4.714285714285714,92.22142857142875,75.1,91.3,72.0
2024-04-21 16:54:58,dev0015,12.5,79.375,75.1,91.0,70.0
2024-04-21 16:54:59,dev0018,12.5,79.375,75.2,91.6,71.0
2024-04-21 16:54:59,dev009,13.666666666666668,77.44999999999987,75.5,95.9,71.0
2024-04-21 16:54:59,dev000,11.0,81.8500000000001,75.8,95.8,71.0
2024-04-21 16:54:59,dev001,7.454545454545454,87.69999999999993,76.1,95.5,71.0
2024-04-21 16:54:59,dev0012,16.615384615384613,72.58461538461525,76.0,93.8,71.0
2024-04-21 16:54:59,dev0017,10.0,83.5,76.1,92.1,70.0
2024-04-21 16:54:59,dev0010,8.5,85.9750000000001,76.1,91.7,70.0
2024-04-21 16:54:59,dev003,12.285714285714285,79.72857142857144,75.4,92.7,71.0
2024-04-21 16:54:59,dev004,10.333333333333334,82.95000000000003,75.4,93.5,71.0
2024-04-21 16:54:59,dev0016,11.0,81.8500000000001,75.3,91.5,70.0
2024-04-21 16:54:59,dev0013,7.0,88.45000000000019,75.4,92.4,70.0
2024-04-21 16:54:59,dev0019,12.529411764705882,79.32647058823534,75.4,91.2,70.0
2024-04-21 16:55:58,dev007,12.454545454545453,78.82727272727266,75.8,91.4,71.0
2024-04-21 16:55:58,dev002,4.714285714285714,91.98571428571447,75.7,92.6,70.0
2024-04-21 16:55:58,dev0015,12.5,78.75,75.7,91.9,70.0
2024-04-21 16:55:59,dev009,13.666666666666668,76.76666666666654,75.8,92.6,70.0
2024-04-21 16:55:59,dev0018,12.5,78.75,75.7,91.2,71.0
2024-04-21 16:55:59,dev000,11.0,81.3000000000001,75.8,93.0,70.0
2024-04-21 16:55:59,dev001,7.454545454545454,87.32727272727266,75.8,90.7,71.0
2024-04-21 16:55:59,dev0017,10.0,83.0,75.9,90.4,70.0
2024-04-21 16:55:59,dev0012,16.615384615384613,71.75384615384601,75.8,91.3,70.0
2024-04-21 16:55:59,dev0010,8.5,85.5500000000001,75.8,92.2,70.0
2024-04-21 16:55:59,dev003,12.285714285714285,79.11428571428573,75.8,90.0,70.0
2024-04-21 16:55:59,dev004,10.333333333333334,82.43333333333337,75.8,91.3,70.0
2024-04-21 16:55:59,dev0016,11.0,81.3000000000001,75.8,90.7,70.0
2024-04-21 16:55:59,dev0013,7.0,88.1000000000002,75.9,92.4,70.0
2024-04-21 16:55:59,dev0019,12.529411764705882,78.70000000000005,75.9,90.5,71.0
2024-04-21 16:56:58,dev007,12.454545454545453,78.20454545454538,76.4,90.6,70.0
2024-04-21 16:56:58,dev0015,12.5,78.125,76.4,91.1,70.0
2024-04-21 16:56:58,dev002,4.714285714285714,91.75000000000018,76.4,91.1,71.0
2024-04-21 16:56:59,dev0018,12.5,78.125,76.4,93.3,70.0
2024-04-21 16:56:59,dev009,13.666666666666668,76.0833333333332,76.4,92.2,70.0
2024-04-21 16:56:59,dev000,11.0,80.7500000000001,76.3,91.0,71.0
2024-04-21 16:56:59,dev001,7.454545454545454,86.95454545454538,76.4,90.8,70.0
2024-04-21 16:56:59,dev0017,10.0,82.5,76.4,92.4,71.0
2024-04-21 16:56:59,dev0012,16.615384615384613,70.92307692307678,76.4,91.1,72.0
2024-04-21 16:56:59,dev0010,8.5,85.1250000000001,76.4,91.0,71.0
2024-04-21 16:56:59,dev003,12.285714285714285,78.50000000000001,76.4,91.4,72.0
2024-04-21 16:56:59,dev004,10.333333333333334,81.9166666666667,76.5,92.7,71.0
2024-04-21 16:56:59,dev0016,11.0,80.7500000000001,76.5,91.2,70.0
2024-04-21 16:56:59,dev0013,7.0,87.7500000000002,76.5,91.1,70.0
2024-04-21 16:56:59,dev0019,12.529411764705882,78.07352941176475,76.5,90.9,70.0
2024-04-21 16:57:58,dev007,12.454545454545453,77.58181818181811,76.8,91.0,71.0
2024-04-21 16:57:58,dev0015,12.5,77.5,76.8,93.0,70.0
2024-04-21 16:57:58,dev002,4.714285714285714,91.5142857142859,76.9,91.4,71.0
2024-04-21 16:57:59,dev0018,12.5,77.5,76.9,90.9,70.0
2024-04-21 16:57:59,dev009,13.666666666666668,75.39999999999986,76.9,91.0,71.0
2024-04-21 16:57:59,dev000,11.0,80.2000000000001,76.9,92.5,71.0
2024-04-21 16:57:59,dev001,7.454545454545454,86.58181818181811,76.9,91.1,71.0
2024-04-21 16:57:59,dev0017,10.0,82.0,76.9,92.6,70.0
2024-04-21 16:57:59,dev0012,16.615384615384613,70.09230769230754,76.9,91.4,71.0
2024-04-21 16:57:59,dev0010,8.5,84.7000000000001,77.0,90.6,71.0
2024-04-21 16:57:59,dev003,12.285714285714285,77.8857142857143,77.0,91.0,70.0
2024-04-21 16:57:59,dev004,10.333333333333334,81.40000000000003,77.0,92.5,71.0
2024-04-21 16:57:59,dev0016,11.0,80.2000000000001,77.0,91.0,71.0
2024-04-21 16:57:59,dev0019,12.529411764705882,77.44705882352946,77.0,92.9,70.0
2024-04-21 16:57:59,dev0013,7.0,87.4000000000002,76.9,90.7,70.0
2024-04-21 16:58:58,dev007,12.454545454545453,76.95909090909083,77.4,90.9,70.0
2024-04-21 16:58:58,dev0015,12.5,76.875,77.4,91.3,72.0
2024-04-21 16:58:59,dev002,4.714285714285714,91.27857142857162,77.5,91.1,72.0
2024-04-21 16:58:59,dev0018,12.5,76.875,77.5,92.1,70.0
2024-04-21 16:58:59,dev009,13.666666666666668,74.71666666666653,77.5,91.2,71.0
2024-04-21 16:58:59,dev000,11.0,79.6500000000001,77.5,90.6,70.0
2024-04-21 16:58:59,dev001,7.454545454545454,86.20909090909083,77.6,90.8,70.0
2024-04-21 16:58:59,dev0017,10.0,81.5,77.6,92.6,70.0
2024-04-21 16:58:59,dev0012,16.615384615384613,69.26153846153831,77.6,91.2,72.0
2024-04-21 16:58:59,dev0010,8.5,84.2750000000001,77.6,91.5,71.0
2024-04-21 16:58:59,dev003,12.285714285714285,77.27142857142859,77.6,91.1,71.0
2024-04-21 16:58:59,dev004,10.333333333333334,80.88333333333337,77.6,92.5,71.0
2024-04-21 16:58:59,dev0016,11.0,79.6500000000001,77.6,91.0,71.0
2024-04-21 16:58:59,dev0019,12.529411764705882,76.82058823529417,77.6,91.3,70.0
2024-04-21 16:58:59,dev0013,7.0,87.05000000000021,77.6,91.5,70.0
2024-04-21 16:59:58,dev007,12.454545454545453,76.33636363636356,77.9,91.3,70.0
2024-04-21 16:59:58,dev0015,12.5,76.25,78.0,91.8,70.0
2024-04-21 16:59:59,dev002,4.714285714285714,91.04285714285734,78.0,91.2,71.0
2024-04-21 16:59:59,dev0018,12.5,76.25,77.9,92.7,71.0
2024-04-21 16:59:59,dev009,13.666666666666668,74.03333333333319,77.9,90.9,71.0
2024-04-21 16:59:59,dev000,11.0,79.10000000000011,78.0,93.5,70.0
2024-04-21 16:59:59,dev001,7.454545454545454,85.83636363636356,78.1,91.5,70.0
2024-04-21 16:59:59,dev0017,10.0,81.0,78.1,92.0,70.0
2024-04-21 16:59:59,dev0010,8.5,83.85000000000011,78.1,91.3,70.0
2024-04-21 16:59:59,dev003,12.285714285714285,76.65714285714287,78.1,91.6,71.0
2024-04-21 16:59:59,dev004,10.333333333333334,80.3666666666667,78.5,93.1,70.0
2024-04-21 16:59:59,dev0016,11.0,79.10000000000011,78.4,92.0,70.0
2024-04-21 16:59:59,dev0019,12.529411764705882,76.19411764705887,78.3,91.5,71.0
2024-04-21 16:59:59,dev0013,7.0,86.70000000000022,78.4,92.3,70.0
2024-04-21 17:00:58,dev007,12.454545454545453,75.71363636363628,78.7,91.0,71.0
2024-04-21 17:00:58,dev0015,12.5,75.625,78.7,92.6,71.0
2024-04-21 17:00:59,dev002,4.714285714285714,90.80714285714306,78.7,91.2,71.0
2024-04-21 17:00:59,dev0018,12.5,75.625,79.0,92.6,71.0
2024-04-21 17:00:59,dev009,13.666666666666668,73.34999999999985,79.5,94.9,70.0
2024-04-21 17:00:59,dev000,11.0,78.55000000000011,79.7,95.8,70.0
2024-04-21 17:00:59,dev001,7.454545454545454,85.46363636363628,79.8,94.8,71.0
2024-04-21 17:00:59,dev0017,10.0,80.5,79.8,95.0,70.0
2024-04-21 17:00:59,dev0010,8.5,83.42500000000011,79.8,93.1,70.0
2024-04-21 17:00:59,dev003,12.285714285714285,76.04285714285716,79.8,93.7,70.0
2024-04-21 17:00:59,dev004,10.333333333333334,79.85000000000004,79.1,93.4,70.0
2024-04-21 17:00:59,dev0016,11.0,78.55000000000011,79.1,91.3,71.0
2024-04-21 17:00:59,dev0019,12.529411764705882,75.56764705882358,79.1,91.1,70.0
2024-04-21 17:00:59,dev0013,7.0,86.35000000000022,79.1,92.9,71.0
